[2026-10-01 16:14:13] local.ERROR: Class "NunoMaduro\Collision\Adapters\Laravel\CollisionServiceProvider" not found {"exception":"[object] (Error(code: 0): Class \"NunoMaduro\\Collision\\Adapters\\Laravel\\CollisionServiceProvider\" not found at /workspace/vendor/laravel/framework/src/Illuminate/Foundation/Application.php:968)
[stacktrace]
#0 /workspace/vendor/laravel/framework/src/Illuminate/Foundation/Application.php(900): Illuminate\\Foundation\\Application->resolveProvider()
#1 /workspace/vendor/laravel/framework/src/Illuminate/Foundation/ProviderRepository.php(74): Illuminate\\Foundation\\Application->register()
#2 /workspace/vendor/laravel/framework/src/Illuminate/Foundation/Application.php(878): Illuminate\\Foundation\\ProviderRepository->load()
#3 /workspace/vendor/laravel/framework/src/Illuminate/Foundation/Bootstrap/RegisterProviders.php(37): Illuminate\\Foundation\\Application->registerConfiguredProviders()
#4 /workspace/vendor/laravel/framework/src/Illuminate/Foundation/Application.php(349): Illuminate\\Foundation\\Bootstrap\\RegisterProviders->bootstrap()
#5 /workspace/vendor/laravel/framework/src/Illuminate/Foundation/Console/Kernel.php(507): Illuminate\\Foundation\\Application->bootstrapWith()
#6 /workspace/vendor/laravel/framework/src/Illuminate/Foundation/Console/Kernel.php(196): Illuminate\\Foundation\\Console\\Kernel->bootstrap()
#7 /workspace/artisan(16): Illuminate\\Foundation\\Console\\Kernel->handle()
#8 {main}
"} 
[2026-10-01 16:14:34] local.ERROR: Connection refused [tcp://127.0.0.1:6379] {"exception":"[object] (Predis\\Connection\\ConnectionException(code: 111): Connection refused [tcp://127.0.0.1:6379] at /workspace/vendor/predis/predis/src/Connection/AbstractConnection.php:144)
[stacktrace]
#0 /workspace/vendor/predis/predis/src/Connection/StreamConnection.php(129): Predis\\Connection\\AbstractConnection->onConnectionError()
#1 /workspace/vendor/predis/predis/src/Connection/StreamConnection.php(174): Predis\\Connection\\StreamConnection->createStreamSocket()
#2 /workspace/vendor/predis/predis/src/Connection/StreamConnection.php(88): Predis\\Connection\\StreamConnection->tcpStreamInitializer()
#3 /workspace/vendor/predis/predis/src/Connection/AbstractConnection.php(85): Predis\\Connection\\StreamConnection->createResource()
#4 /workspace/vendor/predis/predis/src/Connection/StreamConnection.php(254): Predis\\Connection\\AbstractConnection->connect()
#5 /workspace/vendor/predis/predis/src/Connection/AbstractConnection.php(169): Predis\\Connection\\StreamConnection->connect()
#6 /workspace/vendor/predis/predis/src/Connection/StreamConnection.php(289): Predis\\Connection\\AbstractConnection->getResource()
#7 /workspace/vendor/predis/predis/src/Connection/StreamConnection.php(396): Predis\\Connection\\StreamConnection->write()
#8 /workspace/vendor/predis/predis/src/Connection/AbstractConnection.php(122): Predis\\Connection\\StreamConnection->writeRequest()
#9 /workspace/vendor/predis/predis/src/Client.php(381): Predis\\Connection\\AbstractConnection->executeCommand()
#10 /workspace/vendor/predis/predis/src/Client.php(335): Predis\\Client->executeCommand()
#11 /workspace/vendor/laravel/framework/src/Illuminate/Redis/Connections/Connection.php(124): Predis\\Client->__call()
#12 /workspace/vendor/laravel/framework/src/Illuminate/Redis/Connections/Connection.php(284): Illuminate\\Redis\\Connections\\Connection->command()
#13 /workspace/vendor/laravel/framework/src/Illuminate/Cache/RedisStore.php(84): Illuminate\\Redis\\Connections\\Connection->__call()
#14 /workspace/vendor/laravel/framework/src/Illuminate/Cache/Repository.php(138): Illuminate\\Cache\\RedisStore->get()
#15 /workspace/vendor/laravel/framework/src/Illuminate/Session/CacheBasedSessionHandler.php(84): Illuminate\\Cache\\Repository->get()
#16 /workspace/vendor/laravel/framework/src/Illuminate/Session/Store.php(128): Illuminate\\Session\\CacheBasedSessionHandler->read()
#17 /workspace/vendor/laravel/framework/src/Illuminate/Session/Store.php(116): Illuminate\\Session\\Store->readFromHandler()
#18 /workspace/vendor/laravel/framework/src/Illuminate/Session/Store.php(100): Illuminate\\Session\\Store->loadSession()
#19 /workspace/vendor/laravel/framework/src/Illuminate/Session/Middleware/StartSession.php(146): Illuminate\\Session\\Store->start()
#20 /workspace/vendor/laravel/framework/src/Illuminate/Support/helpers.php(393): Illuminate\\Session\\Middleware\\StartSession->{closure:Illuminate\\Session\\Middleware\\StartSession::startSession():143}()
#21 /workspace/vendor/laravel/framework/src/Illuminate/Session/Middleware/StartSession.php(143): tap()
#22 /workspace/vendor/laravel/framework/src/Illuminate/Session/Middleware/StartSession.php(115): Illuminate\\Session\\Middleware\\StartSession->startSession()
#23 /workspace/vendor/laravel/framework/src/Illuminate/Session/Middleware/StartSession.php(63): Illuminate\\Session\\Middleware\\StartSession->handleStatefulRequest()
#24 /workspace/vendor/laravel/framework/src/Illuminate/Pipeline/Pipeline.php(219): Illuminate\\Session\\Middleware\\StartSession->handle()
#25 /workspace/vendor/laravel/framework/src/Illuminate/Cookie/Middleware/AddQueuedCookiesToResponse.php(36): Illuminate\\Pipeline\\Pipeline->{closure:{closure:Illuminate\\Pipeline\\Pipeline::carry():194}:195}()
#26 /workspace/vendor/laravel/framework/src/Illuminate/Pipeline/Pipeline.php(219): Illuminate\\Cookie\\Middleware\\AddQueuedCookiesToResponse->handle()
#27 /workspace/vendor/laravel/framework/src/Illuminate/Cookie/Middleware/EncryptCookies.php(74): Illuminate\\Pipeline\\Pipeline->{closure:{closure:Illuminate\\Pipeline\\Pipeline::carry():194}:195}()
#28 /workspace/vendor/laravel/framework/src/Illuminate/Pipeline/Pipeline.php(219): Illuminate\\Cookie\\Middleware\\EncryptCookies->handle()
#29 /workspace/vendor/laravel/framework/src/Illuminate/Pipeline/Pipeline.php(137): Illuminate\\Pipeline\\Pipeline->{closure:{closure:Illuminate\\Pipeline\\Pipeline::carry():194}:195}()
#30 /workspace/vendor/laravel/framework/src/Illuminate/Routing/Router.php(821): Illuminate\\Pipeline\\Pipeline->then()
#31 /workspace/vendor/laravel/framework/src/Illuminate/Routing/Router.php(800): Illuminate\\Routing\\Router->runRouteWithinStack()
#32 /workspace/vendor/laravel/framework/src/Illuminate/Routing/Router.php(764): Illuminate\\Routing\\Router->runRoute()
#33 /workspace/vendor/laravel/framework/src/Illuminate/Routing/Router.php(753): Illuminate\\Routing\\Router->dispatchToRoute()
#34 /workspace/vendor/laravel/framework/src/Illuminate/Foundation/Http/Kernel.php(200): Illuminate\\Routing\\Router->dispatch()
#35 /workspace/vendor/laravel/framework/src/Illuminate/Pipeline/Pipeline.php(180): Illuminate\\Foundation\\Http\\Kernel->{closure:Illuminate\\Foundation\\Http\\Kernel::dispatchToRouter():197}()
#36 /workspace/vendor/livewire/livewire/src/Features/SupportDisablingBackButtonCache/DisableBackButtonCacheMiddleware.php(19): Illuminate\\Pipeline\\Pipeline->{closure:Illuminate\\Pipeline\\Pipeline::prepareDestination():178}()
#37 /workspace/vendor/laravel/framework/src/Illuminate/Pipeline/Pipeline.php(219): Livewire\\Features\\SupportDisablingBackButtonCache\\DisableBackButtonCacheMiddleware->handle()
#38 /workspace/app/Core/Http/Middleware/ApplySecurityHeaders.php(26): Illuminate\\Pipeline\\Pipeline->{closure:{closure:Illuminate\\Pipeline\\Pipeline::carry():194}:195}()
#39 /workspace/vendor/laravel/framework/src/Illuminate/Pipeline/Pipeline.php(219): Nabilet\\Core\\Http\\Middleware\\ApplySecurityHeaders->handle()
#40 /workspace/app/Core/Http/Middleware/ResolveOrganizationContext.php(49): Illuminate\\Pipeline\\Pipeline->{closure:{closure:Illuminate\\Pipeline\\Pipeline::carry():194}:195}()
#41 /workspace/vendor/laravel/framework/src/Illuminate/Pipeline/Pipeline.php(219): Nabilet\\Core\\Http\\Middleware\\ResolveOrganizationContext->handle()
#42 /workspace/app/Core/Http/Middleware/AssignRequestId.php(35): Illuminate\\Pipeline\\Pipeline->{closure:{closure:Illuminate\\Pipeline\\Pipeline::carry():194}:195}()
#43 /workspace/vendor/laravel/framework/src/Illuminate/Pipeline/Pipeline.php(219): Nabilet\\Core\\Http\\Middleware\\AssignRequestId->handle()
#44 /workspace/vendor/laravel/framework/src/Illuminate/Foundation/Http/Middleware/TransformsRequest.php(21): Illuminate\\Pipeline\\Pipeline->{closure:{closure:Illuminate\\Pipeline\\Pipeline::carry():194}:195}()
#45 /workspace/vendor/laravel/framework/src/Illuminate/Foundation/Http/Middleware/ConvertEmptyStringsToNull.php(31): Illuminate\\Foundation\\Http\\Middleware\\TransformsRequest->handle()
#46 /workspace/vendor/laravel/framework/src/Illuminate/Pipeline/Pipeline.php(219): Illuminate\\Foundation\\Http\\Middleware\\ConvertEmptyStringsToNull->handle()
#47 /workspace/vendor/laravel/framework/src/Illuminate/Foundation/Http/Middleware/TransformsRequest.php(21): Illuminate\\Pipeline\\Pipeline->{closure:{closure:Illuminate\\Pipeline\\Pipeline::carry():194}:195}()
#48 /workspace/vendor/laravel/framework/src/Illuminate/Foundation/Http/Middleware/TrimStrings.php(51): Illuminate\\Foundation\\Http\\Middleware\\TransformsRequest->handle()
#49 /workspace/vendor/laravel/framework/src/Illuminate/Pipeline/Pipeline.php(219): Illuminate\\Foundation\\Http\\Middleware\\TrimStrings->handle()
#50 /workspace/vendor/laravel/framework/src/Illuminate/Http/Middleware/ValidatePostSize.php(27): Illuminate\\Pipeline\\Pipeline->{closure:{closure:Illuminate\\Pipeline\\Pipeline::carry():194}:195}()
#51 /workspace/vendor/laravel/framework/src/Illuminate/Pipeline/Pipeline.php(219): Illuminate\\Http\\Middleware\\ValidatePostSize->handle()
#52 /workspace/vendor/laravel/framework/src/Illuminate/Foundation/Http/Middleware/PreventRequestsDuringMaintenance.php(110): Illuminate\\Pipeline\\Pipeline->{closure:{closure:Illuminate\\Pipeline\\Pipeline::carry():194}:195}()
#53 /workspace/vendor/laravel/framework/src/Illuminate/Pipeline/Pipeline.php(219): Illuminate\\Foundation\\Http\\Middleware\\PreventRequestsDuringMaintenance->handle()
#54 /workspace/vendor/laravel/framework/src/Illuminate/Http/Middleware/HandleCors.php(61): Illuminate\\Pipeline\\Pipeline->{closure:{closure:Illuminate\\Pipeline\\Pipeline::carry():194}:195}()
#55 /workspace/vendor/laravel/framework/src/Illuminate/Pipeline/Pipeline.php(219): Illuminate\\Http\\Middleware\\HandleCors->handle()
#56 /workspace/vendor/laravel/framework/src/Illuminate/Http/Middleware/TrustProxies.php(58): Illuminate\\Pipeline\\Pipeline->{closure:{closure:Illuminate\\Pipeline\\Pipeline::carry():194}:195}()
#57 /workspace/vendor/laravel/framework/src/Illuminate/Pipeline/Pipeline.php(219): Illuminate\\Http\\Middleware\\TrustProxies->handle()
#58 /workspace/vendor/laravel/framework/src/Illuminate/Foundation/Http/Middleware/InvokeDeferredCallbacks.php(22): Illuminate\\Pipeline\\Pipeline->{closure:{closure:Illuminate\\Pipeline\\Pipeline::carry():194}:195}()
#59 /workspace/vendor/laravel/framework/src/Illuminate/Pipeline/Pipeline.php(219): Illuminate\\Foundation\\Http\\Middleware\\InvokeDeferredCallbacks->handle()
#60 /workspace/vendor/laravel/framework/src/Illuminate/Http/Middleware/ValidatePathEncoding.php(28): Illuminate\\Pipeline\\Pipeline->{closure:{closure:Illuminate\\Pipeline\\Pipeline::carry():194}:195}()
#61 /workspace/vendor/laravel/framework/src/Illuminate/Pipeline/Pipeline.php(219): Illuminate\\Http\\Middleware\\ValidatePathEncoding->handle()
#62 /workspace/vendor/laravel/framework/src/Illuminate/Pipeline/Pipeline.php(137): Illuminate\\Pipeline\\Pipeline->{closure:{closure:Illuminate\\Pipeline\\Pipeline::carry():194}:195}()
#63 /workspace/vendor/laravel/framework/src/Illuminate/Foundation/Http/Kernel.php(175): Illuminate\\Pipeline\\Pipeline->then()
#64 /workspace/vendor/laravel/framework/src/Illuminate/Foundation/Http/Kernel.php(144): Illuminate\\Foundation\\Http\\Kernel->sendRequestThroughRouter()
#65 /workspace/vendor/laravel/framework/src/Illuminate/Foundation/Application.php(1227): Illuminate\\Foundation\\Http\\Kernel->handle()
#66 /workspace/public/index.php(21): Illuminate\\Foundation\\Application->handleRequest()
#67 /workspace/vendor/laravel/framework/src/Illuminate/Foundation/resources/server.php(23): require_once('...')
#68 {main}
"} {"request_id":"f54d4b4fc6b241400c897ea035a9cdde"}
[2026-10-01 16:14:34] local.ERROR: Connection refused [tcp://127.0.0.1:6379] {"exception":"[object] (Predis\\Connection\\ConnectionException(code: 111): Connection refused [tcp://127.0.0.1:6379] at /workspace/vendor/predis/predis/src/Connection/AbstractConnection.php:144)
[stacktrace]
#0 /workspace/vendor/predis/predis/src/Connection/StreamConnection.php(129): Predis\\Connection\\AbstractConnection->onConnectionError()
#1 /workspace/vendor/predis/predis/src/Connection/StreamConnection.php(174): Predis\\Connection\\StreamConnection->createStreamSocket()
#2 /workspace/vendor/predis/predis/src/Connection/StreamConnection.php(88): Predis\\Connection\\StreamConnection->tcpStreamInitializer()
#3 /workspace/vendor/predis/predis/src/Connection/AbstractConnection.php(85): Predis\\Connection\\StreamConnection->createResource()
#4 /workspace/vendor/predis/predis/src/Connection/StreamConnection.php(254): Predis\\Connection\\AbstractConnection->connect()
#5 /workspace/vendor/predis/predis/src/Connection/AbstractConnection.php(169): Predis\\Connection\\StreamConnection->connect()
#6 /workspace/vendor/predis/predis/src/Connection/StreamConnection.php(289): Predis\\Connection\\AbstractConnection->getResource()
#7 /workspace/vendor/predis/predis/src/Connection/StreamConnection.php(396): Predis\\Connection\\StreamConnection->write()
#8 /workspace/vendor/predis/predis/src/Connection/AbstractConnection.php(122): Predis\\Connection\\StreamConnection->writeRequest()
#9 /workspace/vendor/predis/predis/src/Client.php(381): Predis\\Connection\\AbstractConnection->executeCommand()
#10 /workspace/vendor/predis/predis/src/Client.php(335): Predis\\Client->executeCommand()
#11 /workspace/vendor/laravel/framework/src/Illuminate/Redis/Connections/Connection.php(124): Predis\\Client->__call()
#12 /workspace/vendor/laravel/framework/src/Illuminate/Redis/Connections/Connection.php(284): Illuminate\\Redis\\Connections\\Connection->command()
#13 /workspace/vendor/laravel/framework/src/Illuminate/Cache/RedisStore.php(84): Illuminate\\Redis\\Connections\\Connection->__call()
#14 /workspace/vendor/laravel/framework/src/Illuminate/Cache/Repository.php(138): Illuminate\\Cache\\RedisStore->get()
#15 /workspace/vendor/laravel/framework/src/Illuminate/Session/CacheBasedSessionHandler.php(84): Illuminate\\Cache\\Repository->get()
#16 /workspace/vendor/laravel/framework/src/Illuminate/Session/Store.php(128): Illuminate\\Session\\CacheBasedSessionHandler->read()
#17 /workspace/vendor/laravel/framework/src/Illuminate/Session/Store.php(116): Illuminate\\Session\\Store->readFromHandler()
#18 /workspace/vendor/laravel/framework/src/Illuminate/Session/Store.php(100): Illuminate\\Session\\Store->loadSession()
#19 /workspace/vendor/laravel/framework/src/Illuminate/Session/Middleware/StartSession.php(146): Illuminate\\Session\\Store->start()
#20 /workspace/vendor/laravel/framework/src/Illuminate/Support/helpers.php(393): Illuminate\\Session\\Middleware\\StartSession->{closure:Illuminate\\Session\\Middleware\\StartSession::startSession():143}()
#21 /workspace/vendor/laravel/framework/src/Illuminate/Session/Middleware/StartSession.php(143): tap()
#22 /workspace/vendor/laravel/framework/src/Illuminate/Session/Middleware/StartSession.php(115): Illuminate\\Session\\Middleware\\StartSession->startSession()
#23 /workspace/vendor/laravel/framework/src/Illuminate/Session/Middleware/StartSession.php(63): Illuminate\\Session\\Middleware\\StartSession->handleStatefulRequest()
#24 /workspace/vendor/laravel/framework/src/Illuminate/Pipeline/Pipeline.php(219): Illuminate\\Session\\Middleware\\StartSession->handle()
#25 /workspace/vendor/laravel/framework/src/Illuminate/Cookie/Middleware/AddQueuedCookiesToResponse.php(36): Illuminate\\Pipeline\\Pipeline->{closure:{closure:Illuminate\\Pipeline\\Pipeline::carry():194}:195}()
#26 /workspace/vendor/laravel/framework/src/Illuminate/Pipeline/Pipeline.php(219): Illuminate\\Cookie\\Middleware\\AddQueuedCookiesToResponse->handle()
#27 /workspace/vendor/laravel/framework/src/Illuminate/Cookie/Middleware/EncryptCookies.php(74): Illuminate\\Pipeline\\Pipeline->{closure:{closure:Illuminate\\Pipeline\\Pipeline::carry():194}:195}()
#28 /workspace/vendor/laravel/framework/src/Illuminate/Pipeline/Pipeline.php(219): Illuminate\\Cookie\\Middleware\\EncryptCookies->handle()
#29 /workspace/vendor/laravel/framework/src/Illuminate/Pipeline/Pipeline.php(137): Illuminate\\Pipeline\\Pipeline->{closure:{closure:Illuminate\\Pipeline\\Pipeline::carry():194}:195}()
#30 /workspace/vendor/laravel/framework/src/Illuminate/Routing/Router.php(821): Illuminate\\Pipeline\\Pipeline->then()
#31 /workspace/vendor/laravel/framework/src/Illuminate/Routing/Router.php(800): Illuminate\\Routing\\Router->runRouteWithinStack()
#32 /workspace/vendor/laravel/framework/src/Illuminate/Routing/Router.php(764): Illuminate\\Routing\\Router->runRoute()
#33 /workspace/vendor/laravel/framework/src/Illuminate/Routing/Router.php(753): Illuminate\\Routing\\Router->dispatchToRoute()
#34 /workspace/vendor/laravel/framework/src/Illuminate/Foundation/Http/Kernel.php(200): Illuminate\\Routing\\Router->dispatch()
#35 /workspace/vendor/laravel/framework/src/Illuminate/Pipeline/Pipeline.php(180): Illuminate\\Foundation\\Http\\Kernel->{closure:Illuminate\\Foundation\\Http\\Kernel::dispatchToRouter():197}()
#36 /workspace/vendor/livewire/livewire/src/Features/SupportDisablingBackButtonCache/DisableBackButtonCacheMiddleware.php(19): Illuminate\\Pipeline\\Pipeline->{closure:Illuminate\\Pipeline\\Pipeline::prepareDestination():178}()
#37 /workspace/vendor/laravel/framework/src/Illuminate/Pipeline/Pipeline.php(219): Livewire\\Features\\SupportDisablingBackButtonCache\\DisableBackButtonCacheMiddleware->handle()
#38 /workspace/app/Core/Http/Middleware/ApplySecurityHeaders.php(26): Illuminate\\Pipeline\\Pipeline->{closure:{closure:Illuminate\\Pipeline\\Pipeline::carry():194}:195}()
#39 /workspace/vendor/laravel/framework/src/Illuminate/Pipeline/Pipeline.php(219): Nabilet\\Core\\Http\\Middleware\\ApplySecurityHeaders->handle()
#40 /workspace/app/Core/Http/Middleware/ResolveOrganizationContext.php(49): Illuminate\\Pipeline\\Pipeline->{closure:{closure:Illuminate\\Pipeline\\Pipeline::carry():194}:195}()
#41 /workspace/vendor/laravel/framework/src/Illuminate/Pipeline/Pipeline.php(219): Nabilet\\Core\\Http\\Middleware\\ResolveOrganizationContext->handle()
#42 /workspace/app/Core/Http/Middleware/AssignRequestId.php(35): Illuminate\\Pipeline\\Pipeline->{closure:{closure:Illuminate\\Pipeline\\Pipeline::carry():194}:195}()
#43 /workspace/vendor/laravel/framework/src/Illuminate/Pipeline/Pipeline.php(219): Nabilet\\Core\\Http\\Middleware\\AssignRequestId->handle()
#44 /workspace/vendor/laravel/framework/src/Illuminate/Foundation/Http/Middleware/TransformsRequest.php(21): Illuminate\\Pipeline\\Pipeline->{closure:{closure:Illuminate\\Pipeline\\Pipeline::carry():194}:195}()
#45 /workspace/vendor/laravel/framework/src/Illuminate/Foundation/Http/Middleware/ConvertEmptyStringsToNull.php(31): Illuminate\\Foundation\\Http\\Middleware\\TransformsRequest->handle()
#46 /workspace/vendor/laravel/framework/src/Illuminate/Pipeline/Pipeline.php(219): Illuminate\\Foundation\\Http\\Middleware\\ConvertEmptyStringsToNull->handle()
#47 /workspace/vendor/laravel/framework/src/Illuminate/Foundation/Http/Middleware/TransformsRequest.php(21): Illuminate\\Pipeline\\Pipeline->{closure:{closure:Illuminate\\Pipeline\\Pipeline::carry():194}:195}()
#48 /workspace/vendor/laravel/framework/src/Illuminate/Foundation/Http/Middleware/TrimStrings.php(51): Illuminate\\Foundation\\Http\\Middleware\\TransformsRequest->handle()
#49 /workspace/vendor/laravel/framework/src/Illuminate/Pipeline/Pipeline.php(219): Illuminate\\Foundation\\Http\\Middleware\\TrimStrings->handle()
#50 /workspace/vendor/laravel/framework/src/Illuminate/Http/Middleware/ValidatePostSize.php(27): Illuminate\\Pipeline\\Pipeline->{closure:{closure:Illuminate\\Pipeline\\Pipeline::carry():194}:195}()
#51 /workspace/vendor/laravel/framework/src/Illuminate/Pipeline/Pipeline.php(219): Illuminate\\Http\\Middleware\\ValidatePostSize->handle()
#52 /workspace/vendor/laravel/framework/src/Illuminate/Foundation/Http/Middleware/PreventRequestsDuringMaintenance.php(110): Illuminate\\Pipeline\\Pipeline->{closure:{closure:Illuminate\\Pipeline\\Pipeline::carry():194}:195}()
#53 /workspace/vendor/laravel/framework/src/Illuminate/Pipeline/Pipeline.php(219): Illuminate\\Foundation\\Http\\Middleware\\PreventRequestsDuringMaintenance->handle()
#54 /workspace/vendor/laravel/framework/src/Illuminate/Http/Middleware/HandleCors.php(61): Illuminate\\Pipeline\\Pipeline->{closure:{closure:Illuminate\\Pipeline\\Pipeline::carry():194}:195}()
#55 /workspace/vendor/laravel/framework/src/Illuminate/Pipeline/Pipeline.php(219): Illuminate\\Http\\Middleware\\HandleCors->handle()
#56 /workspace/vendor/laravel/framework/src/Illuminate/Http/Middleware/TrustProxies.php(58): Illuminate\\Pipeline\\Pipeline->{closure:{closure:Illuminate\\Pipeline\\Pipeline::carry():194}:195}()
#57 /workspace/vendor/laravel/framework/src/Illuminate/Pipeline/Pipeline.php(219): Illuminate\\Http\\Middleware\\TrustProxies->handle()
#58 /workspace/vendor/laravel/framework/src/Illuminate/Foundation/Http/Middleware/InvokeDeferredCallbacks.php(22): Illuminate\\Pipeline\\Pipeline->{closure:{closure:Illuminate\\Pipeline\\Pipeline::carry():194}:195}()
#59 /workspace/vendor/laravel/framework/src/Illuminate/Pipeline/Pipeline.php(219): Illuminate\\Foundation\\Http\\Middleware\\InvokeDeferredCallbacks->handle()
#60 /workspace/vendor/laravel/framework/src/Illuminate/Http/Middleware/ValidatePathEncoding.php(28): Illuminate\\Pipeline\\Pipeline->{closure:{closure:Illuminate\\Pipeline\\Pipeline::carry():194}:195}()
#61 /workspace/vendor/laravel/framework/src/Illuminate/Pipeline/Pipeline.php(219): Illuminate\\Http\\Middleware\\ValidatePathEncoding->handle()
#62 /workspace/vendor/laravel/framework/src/Illuminate/Pipeline/Pipeline.php(137): Illuminate\\Pipeline\\Pipeline->{closure:{closure:Illuminate\\Pipeline\\Pipeline::carry():194}:195}()
#63 /workspace/vendor/laravel/framework/src/Illuminate/Foundation/Http/Kernel.php(175): Illuminate\\Pipeline\\Pipeline->then()
#64 /workspace/vendor/laravel/framework/src/Illuminate/Foundation/Http/Kernel.php(144): Illuminate\\Foundation\\Http\\Kernel->sendRequestThroughRouter()
#65 /workspace/vendor/laravel/framework/src/Illuminate/Foundation/Application.php(1227): Illuminate\\Foundation\\Http\\Kernel->handle()
#66 /workspace/public/index.php(21): Illuminate\\Foundation\\Application->handleRequest()
#67 /workspace/vendor/laravel/framework/src/Illuminate/Foundation/resources/server.php(23): require_once('...')
#68 {main}
"} {"request_id":"8cefe38d06c18ef7d910eb44752b5e54"}
[2026-10-01 16:14:35] local.ERROR: Connection refused [tcp://127.0.0.1:6379] {"exception":"[object] (Predis\\Connection\\ConnectionException(code: 111): Connection refused [tcp://127.0.0.1:6379] at /workspace/vendor/predis/predis/src/Connection/AbstractConnection.php:144)
[stacktrace]
#0 /workspace/vendor/predis/predis/src/Connection/StreamConnection.php(129): Predis\\Connection\\AbstractConnection->onConnectionError()
#1 /workspace/vendor/predis/predis/src/Connection/StreamConnection.php(174): Predis\\Connection\\StreamConnection->createStreamSocket()
#2 /workspace/vendor/predis/predis/src/Connection/StreamConnection.php(88): Predis\\Connection\\StreamConnection->tcpStreamInitializer()
#3 /workspace/vendor/predis/predis/src/Connection/AbstractConnection.php(85): Predis\\Connection\\StreamConnection->createResource()
#4 /workspace/vendor/predis/predis/src/Connection/StreamConnection.php(254): Predis\\Connection\\AbstractConnection->connect()
#5 /workspace/vendor/predis/predis/src/Connection/AbstractConnection.php(169): Predis\\Connection\\StreamConnection->connect()
#6 /workspace/vendor/predis/predis/src/Connection/StreamConnection.php(289): Predis\\Connection\\AbstractConnection->getResource()
#7 /workspace/vendor/predis/predis/src/Connection/StreamConnection.php(396): Predis\\Connection\\StreamConnection->write()
#8 /workspace/vendor/predis/predis/src/Connection/AbstractConnection.php(122): Predis\\Connection\\StreamConnection->writeRequest()
#9 /workspace/vendor/predis/predis/src/Client.php(381): Predis\\Connection\\AbstractConnection->executeCommand()
#10 /workspace/vendor/predis/predis/src/Client.php(335): Predis\\Client->executeCommand()
#11 /workspace/vendor/laravel/framework/src/Illuminate/Redis/Connections/Connection.php(124): Predis\\Client->__call()
#12 /workspace/vendor/laravel/framework/src/Illuminate/Redis/Connections/Connection.php(284): Illuminate\\Redis\\Connections\\Connection->command()
#13 /workspace/vendor/laravel/framework/src/Illuminate/Cache/RedisStore.php(84): Illuminate\\Redis\\Connections\\Connection->__call()
#14 /workspace/vendor/laravel/framework/src/Illuminate/Cache/Repository.php(138): Illuminate\\Cache\\RedisStore->get()
#15 /workspace/vendor/laravel/framework/src/Illuminate/Session/CacheBasedSessionHandler.php(84): Illuminate\\Cache\\Repository->get()
#16 /workspace/vendor/laravel/framework/src/Illuminate/Session/Store.php(128): Illuminate\\Session\\CacheBasedSessionHandler->read()
#17 /workspace/vendor/laravel/framework/src/Illuminate/Session/Store.php(116): Illuminate\\Session\\Store->readFromHandler()
#18 /workspace/vendor/laravel/framework/src/Illuminate/Session/Store.php(100): Illuminate\\Session\\Store->loadSession()
#19 /workspace/vendor/laravel/framework/src/Illuminate/Session/Middleware/StartSession.php(146): Illuminate\\Session\\Store->start()
#20 /workspace/vendor/laravel/framework/src/Illuminate/Support/helpers.php(393): Illuminate\\Session\\Middleware\\StartSession->{closure:Illuminate\\Session\\Middleware\\StartSession::startSession():143}()
#21 /workspace/vendor/laravel/framework/src/Illuminate/Session/Middleware/StartSession.php(143): tap()
#22 /workspace/vendor/laravel/framework/src/Illuminate/Session/Middleware/StartSession.php(115): Illuminate\\Session\\Middleware\\StartSession->startSession()
#23 /workspace/vendor/laravel/framework/src/Illuminate/Session/Middleware/StartSession.php(63): Illuminate\\Session\\Middleware\\StartSession->handleStatefulRequest()
#24 /workspace/vendor/laravel/framework/src/Illuminate/Pipeline/Pipeline.php(219): Illuminate\\Session\\Middleware\\StartSession->handle()
#25 /workspace/vendor/laravel/framework/src/Illuminate/Cookie/Middleware/AddQueuedCookiesToResponse.php(36): Illuminate\\Pipeline\\Pipeline->{closure:{closure:Illuminate\\Pipeline\\Pipeline::carry():194}:195}()
#26 /workspace/vendor/laravel/framework/src/Illuminate/Pipeline/Pipeline.php(219): Illuminate\\Cookie\\Middleware\\AddQueuedCookiesToResponse->handle()
#27 /workspace/vendor/laravel/framework/src/Illuminate/Cookie/Middleware/EncryptCookies.php(74): Illuminate\\Pipeline\\Pipeline->{closure:{closure:Illuminate\\Pipeline\\Pipeline::carry():194}:195}()
#28 /workspace/vendor/laravel/framework/src/Illuminate/Pipeline/Pipeline.php(219): Illuminate\\Cookie\\Middleware\\EncryptCookies->handle()
#29 /workspace/vendor/laravel/framework/src/Illuminate/Pipeline/Pipeline.php(137): Illuminate\\Pipeline\\Pipeline->{closure:{closure:Illuminate\\Pipeline\\Pipeline::carry():194}:195}()
#30 /workspace/vendor/laravel/framework/src/Illuminate/Routing/Router.php(821): Illuminate\\Pipeline\\Pipeline->then()
#31 /workspace/vendor/laravel/framework/src/Illuminate/Routing/Router.php(800): Illuminate\\Routing\\Router->runRouteWithinStack()
#32 /workspace/vendor/laravel/framework/src/Illuminate/Routing/Router.php(764): Illuminate\\Routing\\Router->runRoute()
#33 /workspace/vendor/laravel/framework/src/Illuminate/Routing/Router.php(753): Illuminate\\Routing\\Router->dispatchToRoute()
#34 /workspace/vendor/laravel/framework/src/Illuminate/Foundation/Http/Kernel.php(200): Illuminate\\Routing\\Router->dispatch()
#35 /workspace/vendor/laravel/framework/src/Illuminate/Pipeline/Pipeline.php(180): Illuminate\\Foundation\\Http\\Kernel->{closure:Illuminate\\Foundation\\Http\\Kernel::dispatchToRouter():197}()
#36 /workspace/vendor/livewire/livewire/src/Features/SupportDisablingBackButtonCache/DisableBackButtonCacheMiddleware.php(19): Illuminate\\Pipeline\\Pipeline->{closure:Illuminate\\Pipeline\\Pipeline::prepareDestination():178}()
#37 /workspace/vendor/laravel/framework/src/Illuminate/Pipeline/Pipeline.php(219): Livewire\\Features\\SupportDisablingBackButtonCache\\DisableBackButtonCacheMiddleware->handle()
#38 /workspace/app/Core/Http/Middleware/ApplySecurityHeaders.php(26): Illuminate\\Pipeline\\Pipeline->{closure:{closure:Illuminate\\Pipeline\\Pipeline::carry():194}:195}()
#39 /workspace/vendor/laravel/framework/src/Illuminate/Pipeline/Pipeline.php(219): Nabilet\\Core\\Http\\Middleware\\ApplySecurityHeaders->handle()
#40 /workspace/app/Core/Http/Middleware/ResolveOrganizationContext.php(49): Illuminate\\Pipeline\\Pipeline->{closure:{closure:Illuminate\\Pipeline\\Pipeline::carry():194}:195}()
#41 /workspace/vendor/laravel/framework/src/Illuminate/Pipeline/Pipeline.php(219): Nabilet\\Core\\Http\\Middleware\\ResolveOrganizationContext->handle()
#42 /workspace/app/Core/Http/Middleware/AssignRequestId.php(35): Illuminate\\Pipeline\\Pipeline->{closure:{closure:Illuminate\\Pipeline\\Pipeline::carry():194}:195}()
#43 /workspace/vendor/laravel/framework/src/Illuminate/Pipeline/Pipeline.php(219): Nabilet\\Core\\Http\\Middleware\\AssignRequestId->handle()
#44 /workspace/vendor/laravel/framework/src/Illuminate/Foundation/Http/Middleware/TransformsRequest.php(21): Illuminate\\Pipeline\\Pipeline->{closure:{closure:Illuminate\\Pipeline\\Pipeline::carry():194}:195}()
#45 /workspace/vendor/laravel/framework/src/Illuminate/Foundation/Http/Middleware/ConvertEmptyStringsToNull.php(31): Illuminate\\Foundation\\Http\\Middleware\\TransformsRequest->handle()
#46 /workspace/vendor/laravel/framework/src/Illuminate/Pipeline/Pipeline.php(219): Illuminate\\Foundation\\Http\\Middleware\\ConvertEmptyStringsToNull->handle()
#47 /workspace/vendor/laravel/framework/src/Illuminate/Foundation/Http/Middleware/TransformsRequest.php(21): Illuminate\\Pipeline\\Pipeline->{closure:{closure:Illuminate\\Pipeline\\Pipeline::carry():194}:195}()
#48 /workspace/vendor/laravel/framework/src/Illuminate/Foundation/Http/Middleware/TrimStrings.php(51): Illuminate\\Foundation\\Http\\Middleware\\TransformsRequest->handle()
#49 /workspace/vendor/laravel/framework/src/Illuminate/Pipeline/Pipeline.php(219): Illuminate\\Foundation\\Http\\Middleware\\TrimStrings->handle()
#50 /workspace/vendor/laravel/framework/src/Illuminate/Http/Middleware/ValidatePostSize.php(27): Illuminate\\Pipeline\\Pipeline->{closure:{closure:Illuminate\\Pipeline\\Pipeline::carry():194}:195}()
#51 /workspace/vendor/laravel/framework/src/Illuminate/Pipeline/Pipeline.php(219): Illuminate\\Http\\Middleware\\ValidatePostSize->handle()
#52 /workspace/vendor/laravel/framework/src/Illuminate/Foundation/Http/Middleware/PreventRequestsDuringMaintenance.php(110): Illuminate\\Pipeline\\Pipeline->{closure:{closure:Illuminate\\Pipeline\\Pipeline::carry():194}:195}()
#53 /workspace/vendor/laravel/framework/src/Illuminate/Pipeline/Pipeline.php(219): Illuminate\\Foundation\\Http\\Middleware\\PreventRequestsDuringMaintenance->handle()
#54 /workspace/vendor/laravel/framework/src/Illuminate/Http/Middleware/HandleCors.php(61): Illuminate\\Pipeline\\Pipeline->{closure:{closure:Illuminate\\Pipeline\\Pipeline::carry():194}:195}()
#55 /workspace/vendor/laravel/framework/src/Illuminate/Pipeline/Pipeline.php(219): Illuminate\\Http\\Middleware\\HandleCors->handle()
#56 /workspace/vendor/laravel/framework/src/Illuminate/Http/Middleware/TrustProxies.php(58): Illuminate\\Pipeline\\Pipeline->{closure:{closure:Illuminate\\Pipeline\\Pipeline::carry():194}:195}()
#57 /workspace/vendor/laravel/framework/src/Illuminate/Pipeline/Pipeline.php(219): Illuminate\\Http\\Middleware\\TrustProxies->handle()
#58 /workspace/vendor/laravel/framework/src/Illuminate/Foundation/Http/Middleware/InvokeDeferredCallbacks.php(22): Illuminate\\Pipeline\\Pipeline->{closure:{closure:Illuminate\\Pipeline\\Pipeline::carry():194}:195}()
#59 /workspace/vendor/laravel/framework/src/Illuminate/Pipeline/Pipeline.php(219): Illuminate\\Foundation\\Http\\Middleware\\InvokeDeferredCallbacks->handle()
#60 /workspace/vendor/laravel/framework/src/Illuminate/Http/Middleware/ValidatePathEncoding.php(28): Illuminate\\Pipeline\\Pipeline->{closure:{closure:Illuminate\\Pipeline\\Pipeline::carry():194}:195}()
#61 /workspace/vendor/laravel/framework/src/Illuminate/Pipeline/Pipeline.php(219): Illuminate\\Http\\Middleware\\ValidatePathEncoding->handle()
#62 /workspace/vendor/laravel/framework/src/Illuminate/Pipeline/Pipeline.php(137): Illuminate\\Pipeline\\Pipeline->{closure:{closure:Illuminate\\Pipeline\\Pipeline::carry():194}:195}()
#63 /workspace/vendor/laravel/framework/src/Illuminate/Foundation/Http/Kernel.php(175): Illuminate\\Pipeline\\Pipeline->then()
#64 /workspace/vendor/laravel/framework/src/Illuminate/Foundation/Http/Kernel.php(144): Illuminate\\Foundation\\Http\\Kernel->sendRequestThroughRouter()
#65 /workspace/vendor/laravel/framework/src/Illuminate/Foundation/Application.php(1227): Illuminate\\Foundation\\Http\\Kernel->handle()
#66 /workspace/public/index.php(21): Illuminate\\Foundation\\Application->handleRequest()
#67 /workspace/vendor/laravel/framework/src/Illuminate/Foundation/resources/server.php(23): require_once('...')
#68 {main}
"} {"request_id":"e048113d86a7fb7b04a6b4e82a02c944"}
[2026-10-01 16:14:39] local.ERROR: Connection refused [tcp://127.0.0.1:6379] {"exception":"[object] (Predis\\Connection\\ConnectionException(code: 111): Connection refused [tcp://127.0.0.1:6379] at /workspace/vendor/predis/predis/src/Connection/AbstractConnection.php:144)
[stacktrace]
#0 /workspace/vendor/predis/predis/src/Connection/StreamConnection.php(129): Predis\\Connection\\AbstractConnection->onConnectionError()
#1 /workspace/vendor/predis/predis/src/Connection/StreamConnection.php(174): Predis\\Connection\\StreamConnection->createStreamSocket()
#2 /workspace/vendor/predis/predis/src/Connection/StreamConnection.php(88): Predis\\Connection\\StreamConnection->tcpStreamInitializer()
#3 /workspace/vendor/predis/predis/src/Connection/AbstractConnection.php(85): Predis\\Connection\\StreamConnection->createResource()
#4 /workspace/vendor/predis/predis/src/Connection/StreamConnection.php(254): Predis\\Connection\\AbstractConnection->connect()
#5 /workspace/vendor/predis/predis/src/Connection/AbstractConnection.php(169): Predis\\Connection\\StreamConnection->connect()
#6 /workspace/vendor/predis/predis/src/Connection/StreamConnection.php(289): Predis\\Connection\\AbstractConnection->getResource()
#7 /workspace/vendor/predis/predis/src/Connection/StreamConnection.php(396): Predis\\Connection\\StreamConnection->write()
#8 /workspace/vendor/predis/predis/src/Connection/AbstractConnection.php(122): Predis\\Connection\\StreamConnection->writeRequest()
#9 /workspace/vendor/predis/predis/src/Client.php(381): Predis\\Connection\\AbstractConnection->executeCommand()
#10 /workspace/vendor/predis/predis/src/Client.php(335): Predis\\Client->executeCommand()
#11 /workspace/vendor/laravel/framework/src/Illuminate/Redis/Connections/Connection.php(124): Predis\\Client->__call()
#12 /workspace/vendor/laravel/framework/src/Illuminate/Redis/Connections/Connection.php(284): Illuminate\\Redis\\Connections\\Connection->command()
#13 /workspace/vendor/laravel/framework/src/Illuminate/Cache/RedisStore.php(84): Illuminate\\Redis\\Connections\\Connection->__call()
#14 /workspace/vendor/laravel/framework/src/Illuminate/Cache/Repository.php(138): Illuminate\\Cache\\RedisStore->get()
#15 /workspace/vendor/laravel/framework/src/Illuminate/Session/CacheBasedSessionHandler.php(84): Illuminate\\Cache\\Repository->get()
#16 /workspace/vendor/laravel/framework/src/Illuminate/Session/Store.php(128): Illuminate\\Session\\CacheBasedSessionHandler->read()
#17 /workspace/vendor/laravel/framework/src/Illuminate/Session/Store.php(116): Illuminate\\Session\\Store->readFromHandler()
#18 /workspace/vendor/laravel/framework/src/Illuminate/Session/Store.php(100): Illuminate\\Session\\Store->loadSession()
#19 /workspace/vendor/laravel/framework/src/Illuminate/Session/Middleware/StartSession.php(146): Illuminate\\Session\\Store->start()
#20 /workspace/vendor/laravel/framework/src/Illuminate/Support/helpers.php(393): Illuminate\\Session\\Middleware\\StartSession->{closure:Illuminate\\Session\\Middleware\\StartSession::startSession():143}()
#21 /workspace/vendor/laravel/framework/src/Illuminate/Session/Middleware/StartSession.php(143): tap()
#22 /workspace/vendor/laravel/framework/src/Illuminate/Session/Middleware/StartSession.php(115): Illuminate\\Session\\Middleware\\StartSession->startSession()
#23 /workspace/vendor/laravel/framework/src/Illuminate/Session/Middleware/StartSession.php(63): Illuminate\\Session\\Middleware\\StartSession->handleStatefulRequest()
#24 /workspace/vendor/laravel/framework/src/Illuminate/Pipeline/Pipeline.php(219): Illuminate\\Session\\Middleware\\StartSession->handle()
#25 /workspace/vendor/laravel/framework/src/Illuminate/Cookie/Middleware/AddQueuedCookiesToResponse.php(36): Illuminate\\Pipeline\\Pipeline->{closure:{closure:Illuminate\\Pipeline\\Pipeline::carry():194}:195}()
#26 /workspace/vendor/laravel/framework/src/Illuminate/Pipeline/Pipeline.php(219): Illuminate\\Cookie\\Middleware\\AddQueuedCookiesToResponse->handle()
#27 /workspace/vendor/laravel/framework/src/Illuminate/Cookie/Middleware/EncryptCookies.php(74): Illuminate\\Pipeline\\Pipeline->{closure:{closure:Illuminate\\Pipeline\\Pipeline::carry():194}:195}()
#28 /workspace/vendor/laravel/framework/src/Illuminate/Pipeline/Pipeline.php(219): Illuminate\\Cookie\\Middleware\\EncryptCookies->handle()
#29 /workspace/vendor/laravel/framework/src/Illuminate/Pipeline/Pipeline.php(137): Illuminate\\Pipeline\\Pipeline->{closure:{closure:Illuminate\\Pipeline\\Pipeline::carry():194}:195}()
#30 /workspace/vendor/laravel/framework/src/Illuminate/Routing/Router.php(821): Illuminate\\Pipeline\\Pipeline->then()
#31 /workspace/vendor/laravel/framework/src/Illuminate/Routing/Router.php(800): Illuminate\\Routing\\Router->runRouteWithinStack()
#32 /workspace/vendor/laravel/framework/src/Illuminate/Routing/Router.php(764): Illuminate\\Routing\\Router->runRoute()
#33 /workspace/vendor/laravel/framework/src/Illuminate/Routing/Router.php(753): Illuminate\\Routing\\Router->dispatchToRoute()
#34 /workspace/vendor/laravel/framework/src/Illuminate/Foundation/Http/Kernel.php(200): Illuminate\\Routing\\Router->dispatch()
#35 /workspace/vendor/laravel/framework/src/Illuminate/Pipeline/Pipeline.php(180): Illuminate\\Foundation\\Http\\Kernel->{closure:Illuminate\\Foundation\\Http\\Kernel::dispatchToRouter():197}()
#36 /workspace/vendor/livewire/livewire/src/Features/SupportDisablingBackButtonCache/DisableBackButtonCacheMiddleware.php(19): Illuminate\\Pipeline\\Pipeline->{closure:Illuminate\\Pipeline\\Pipeline::prepareDestination():178}()
#37 /workspace/vendor/laravel/framework/src/Illuminate/Pipeline/Pipeline.php(219): Livewire\\Features\\SupportDisablingBackButtonCache\\DisableBackButtonCacheMiddleware->handle()
#38 /workspace/app/Core/Http/Middleware/ApplySecurityHeaders.php(26): Illuminate\\Pipeline\\Pipeline->{closure:{closure:Illuminate\\Pipeline\\Pipeline::carry():194}:195}()
#39 /workspace/vendor/laravel/framework/src/Illuminate/Pipeline/Pipeline.php(219): Nabilet\\Core\\Http\\Middleware\\ApplySecurityHeaders->handle()
#40 /workspace/app/Core/Http/Middleware/ResolveOrganizationContext.php(49): Illuminate\\Pipeline\\Pipeline->{closure:{closure:Illuminate\\Pipeline\\Pipeline::carry():194}:195}()
#41 /workspace/vendor/laravel/framework/src/Illuminate/Pipeline/Pipeline.php(219): Nabilet\\Core\\Http\\Middleware\\ResolveOrganizationContext->handle()
#42 /workspace/app/Core/Http/Middleware/AssignRequestId.php(35): Illuminate\\Pipeline\\Pipeline->{closure:{closure:Illuminate\\Pipeline\\Pipeline::carry():194}:195}()
#43 /workspace/vendor/laravel/framework/src/Illuminate/Pipeline/Pipeline.php(219): Nabilet\\Core\\Http\\Middleware\\AssignRequestId->handle()
#44 /workspace/vendor/laravel/framework/src/Illuminate/Foundation/Http/Middleware/TransformsRequest.php(21): Illuminate\\Pipeline\\Pipeline->{closure:{closure:Illuminate\\Pipeline\\Pipeline::carry():194}:195}()
#45 /workspace/vendor/laravel/framework/src/Illuminate/Foundation/Http/Middleware/ConvertEmptyStringsToNull.php(31): Illuminate\\Foundation\\Http\\Middleware\\TransformsRequest->handle()
#46 /workspace/vendor/laravel/framework/src/Illuminate/Pipeline/Pipeline.php(219): Illuminate\\Foundation\\Http\\Middleware\\ConvertEmptyStringsToNull->handle()
#47 /workspace/vendor/laravel/framework/src/Illuminate/Foundation/Http/Middleware/TransformsRequest.php(21): Illuminate\\Pipeline\\Pipeline->{closure:{closure:Illuminate\\Pipeline\\Pipeline::carry():194}:195}()
#48 /workspace/vendor/laravel/framework/src/Illuminate/Foundation/Http/Middleware/TrimStrings.php(51): Illuminate\\Foundation\\Http\\Middleware\\TransformsRequest->handle()
#49 /workspace/vendor/laravel/framework/src/Illuminate/Pipeline/Pipeline.php(219): Illuminate\\Foundation\\Http\\Middleware\\TrimStrings->handle()
#50 /workspace/vendor/laravel/framework/src/Illuminate/Http/Middleware/ValidatePostSize.php(27): Illuminate\\Pipeline\\Pipeline->{closure:{closure:Illuminate\\Pipeline\\Pipeline::carry():194}:195}()
#51 /workspace/vendor/laravel/framework/src/Illuminate/Pipeline/Pipeline.php(219): Illuminate\\Http\\Middleware\\ValidatePostSize->handle()
#52 /workspace/vendor/laravel/framework/src/Illuminate/Foundation/Http/Middleware/PreventRequestsDuringMaintenance.php(110): Illuminate\\Pipeline\\Pipeline->{closure:{closure:Illuminate\\Pipeline\\Pipeline::carry():194}:195}()
#53 /workspace/vendor/laravel/framework/src/Illuminate/Pipeline/Pipeline.php(219): Illuminate\\Foundation\\Http\\Middleware\\PreventRequestsDuringMaintenance->handle()
#54 /workspace/vendor/laravel/framework/src/Illuminate/Http/Middleware/HandleCors.php(61): Illuminate\\Pipeline\\Pipeline->{closure:{closure:Illuminate\\Pipeline\\Pipeline::carry():194}:195}()
#55 /workspace/vendor/laravel/framework/src/Illuminate/Pipeline/Pipeline.php(219): Illuminate\\Http\\Middleware\\HandleCors->handle()
#56 /workspace/vendor/laravel/framework/src/Illuminate/Http/Middleware/TrustProxies.php(58): Illuminate\\Pipeline\\Pipeline->{closure:{closure:Illuminate\\Pipeline\\Pipeline::carry():194}:195}()
#57 /workspace/vendor/laravel/framework/src/Illuminate/Pipeline/Pipeline.php(219): Illuminate\\Http\\Middleware\\TrustProxies->handle()
#58 /workspace/vendor/laravel/framework/src/Illuminate/Foundation/Http/Middleware/InvokeDeferredCallbacks.php(22): Illuminate\\Pipeline\\Pipeline->{closure:{closure:Illuminate\\Pipeline\\Pipeline::carry():194}:195}()
#59 /workspace/vendor/laravel/framework/src/Illuminate/Pipeline/Pipeline.php(219): Illuminate\\Foundation\\Http\\Middleware\\InvokeDeferredCallbacks->handle()
#60 /workspace/vendor/laravel/framework/src/Illuminate/Http/Middleware/ValidatePathEncoding.php(28): Illuminate\\Pipeline\\Pipeline->{closure:{closure:Illuminate\\Pipeline\\Pipeline::carry():194}:195}()
#61 /workspace/vendor/laravel/framework/src/Illuminate/Pipeline/Pipeline.php(219): Illuminate\\Http\\Middleware\\ValidatePathEncoding->handle()
#62 /workspace/vendor/laravel/framework/src/Illuminate/Pipeline/Pipeline.php(137): Illuminate\\Pipeline\\Pipeline->{closure:{closure:Illuminate\\Pipeline\\Pipeline::carry():194}:195}()
#63 /workspace/vendor/laravel/framework/src/Illuminate/Foundation/Http/Kernel.php(175): Illuminate\\Pipeline\\Pipeline->then()
#64 /workspace/vendor/laravel/framework/src/Illuminate/Foundation/Http/Kernel.php(144): Illuminate\\Foundation\\Http\\Kernel->sendRequestThroughRouter()
#65 /workspace/vendor/laravel/framework/src/Illuminate/Foundation/Application.php(1227): Illuminate\\Foundation\\Http\\Kernel->handle()
#66 /workspace/public/index.php(21): Illuminate\\Foundation\\Application->handleRequest()
#67 /workspace/vendor/laravel/framework/src/Illuminate/Foundation/resources/server.php(23): require_once('...')
#68 {main}
"} {"request_id":"912b84d086817bb23e5a351040ceeae6"}
[2026-10-01 16:14:43] local.ERROR: Connection refused [tcp://127.0.0.1:6379] {"exception":"[object] (Predis\\Connection\\ConnectionException(code: 111): Connection refused [tcp://127.0.0.1:6379] at /workspace/vendor/predis/predis/src/Connection/AbstractConnection.php:144)
[stacktrace]
#0 /workspace/vendor/predis/predis/src/Connection/StreamConnection.php(129): Predis\\Connection\\AbstractConnection->onConnectionError()
#1 /workspace/vendor/predis/predis/src/Connection/StreamConnection.php(174): Predis\\Connection\\StreamConnection->createStreamSocket()
#2 /workspace/vendor/predis/predis/src/Connection/StreamConnection.php(88): Predis\\Connection\\StreamConnection->tcpStreamInitializer()
#3 /workspace/vendor/predis/predis/src/Connection/AbstractConnection.php(85): Predis\\Connection\\StreamConnection->createResource()
#4 /workspace/vendor/predis/predis/src/Connection/StreamConnection.php(254): Predis\\Connection\\AbstractConnection->connect()
#5 /workspace/vendor/predis/predis/src/Connection/AbstractConnection.php(169): Predis\\Connection\\StreamConnection->connect()
#6 /workspace/vendor/predis/predis/src/Connection/StreamConnection.php(289): Predis\\Connection\\AbstractConnection->getResource()
#7 /workspace/vendor/predis/predis/src/Connection/StreamConnection.php(396): Predis\\Connection\\StreamConnection->write()
#8 /workspace/vendor/predis/predis/src/Connection/AbstractConnection.php(122): Predis\\Connection\\StreamConnection->writeRequest()
#9 /workspace/vendor/predis/predis/src/Client.php(381): Predis\\Connection\\AbstractConnection->executeCommand()
#10 /workspace/vendor/predis/predis/src/Client.php(335): Predis\\Client->executeCommand()
#11 /workspace/vendor/laravel/framework/src/Illuminate/Redis/Connections/Connection.php(124): Predis\\Client->__call()
#12 /workspace/vendor/laravel/framework/src/Illuminate/Redis/Connections/Connection.php(284): Illuminate\\Redis\\Connections\\Connection->command()
#13 /workspace/vendor/laravel/framework/src/Illuminate/Cache/RedisStore.php(84): Illuminate\\Redis\\Connections\\Connection->__call()
#14 /workspace/vendor/laravel/framework/src/Illuminate/Cache/Repository.php(138): Illuminate\\Cache\\RedisStore->get()
#15 /workspace/vendor/laravel/framework/src/Illuminate/Session/CacheBasedSessionHandler.php(84): Illuminate\\Cache\\Repository->get()
#16 /workspace/vendor/laravel/framework/src/Illuminate/Session/Store.php(128): Illuminate\\Session\\CacheBasedSessionHandler->read()
#17 /workspace/vendor/laravel/framework/src/Illuminate/Session/Store.php(116): Illuminate\\Session\\Store->readFromHandler()
#18 /workspace/vendor/laravel/framework/src/Illuminate/Session/Store.php(100): Illuminate\\Session\\Store->loadSession()
#19 /workspace/vendor/laravel/framework/src/Illuminate/Session/Middleware/StartSession.php(146): Illuminate\\Session\\Store->start()
#20 /workspace/vendor/laravel/framework/src/Illuminate/Support/helpers.php(393): Illuminate\\Session\\Middleware\\StartSession->{closure:Illuminate\\Session\\Middleware\\StartSession::startSession():143}()
#21 /workspace/vendor/laravel/framework/src/Illuminate/Session/Middleware/StartSession.php(143): tap()
#22 /workspace/vendor/laravel/framework/src/Illuminate/Session/Middleware/StartSession.php(115): Illuminate\\Session\\Middleware\\StartSession->startSession()
#23 /workspace/vendor/laravel/framework/src/Illuminate/Session/Middleware/StartSession.php(63): Illuminate\\Session\\Middleware\\StartSession->handleStatefulRequest()
#24 /workspace/vendor/laravel/framework/src/Illuminate/Pipeline/Pipeline.php(219): Illuminate\\Session\\Middleware\\StartSession->handle()
#25 /workspace/vendor/laravel/framework/src/Illuminate/Cookie/Middleware/AddQueuedCookiesToResponse.php(36): Illuminate\\Pipeline\\Pipeline->{closure:{closure:Illuminate\\Pipeline\\Pipeline::carry():194}:195}()
#26 /workspace/vendor/laravel/framework/src/Illuminate/Pipeline/Pipeline.php(219): Illuminate\\Cookie\\Middleware\\AddQueuedCookiesToResponse->handle()
#27 /workspace/vendor/laravel/framework/src/Illuminate/Cookie/Middleware/EncryptCookies.php(74): Illuminate\\Pipeline\\Pipeline->{closure:{closure:Illuminate\\Pipeline\\Pipeline::carry():194}:195}()
#28 /workspace/vendor/laravel/framework/src/Illuminate/Pipeline/Pipeline.php(219): Illuminate\\Cookie\\Middleware\\EncryptCookies->handle()
#29 /workspace/vendor/laravel/framework/src/Illuminate/Pipeline/Pipeline.php(137): Illuminate\\Pipeline\\Pipeline->{closure:{closure:Illuminate\\Pipeline\\Pipeline::carry():194}:195}()
#30 /workspace/vendor/laravel/framework/src/Illuminate/Routing/Router.php(821): Illuminate\\Pipeline\\Pipeline->then()
#31 /workspace/vendor/laravel/framework/src/Illuminate/Routing/Router.php(800): Illuminate\\Routing\\Router->runRouteWithinStack()
#32 /workspace/vendor/laravel/framework/src/Illuminate/Routing/Router.php(764): Illuminate\\Routing\\Router->runRoute()
#33 /workspace/vendor/laravel/framework/src/Illuminate/Routing/Router.php(753): Illuminate\\Routing\\Router->dispatchToRoute()
#34 /workspace/vendor/laravel/framework/src/Illuminate/Foundation/Http/Kernel.php(200): Illuminate\\Routing\\Router->dispatch()
#35 /workspace/vendor/laravel/framework/src/Illuminate/Pipeline/Pipeline.php(180): Illuminate\\Foundation\\Http\\Kernel->{closure:Illuminate\\Foundation\\Http\\Kernel::dispatchToRouter():197}()
#36 /workspace/vendor/livewire/livewire/src/Features/SupportDisablingBackButtonCache/DisableBackButtonCacheMiddleware.php(19): Illuminate\\Pipeline\\Pipeline->{closure:Illuminate\\Pipeline\\Pipeline::prepareDestination():178}()
#37 /workspace/vendor/laravel/framework/src/Illuminate/Pipeline/Pipeline.php(219): Livewire\\Features\\SupportDisablingBackButtonCache\\DisableBackButtonCacheMiddleware->handle()
#38 /workspace/app/Core/Http/Middleware/ApplySecurityHeaders.php(26): Illuminate\\Pipeline\\Pipeline->{closure:{closure:Illuminate\\Pipeline\\Pipeline::carry():194}:195}()
#39 /workspace/vendor/laravel/framework/src/Illuminate/Pipeline/Pipeline.php(219): Nabilet\\Core\\Http\\Middleware\\ApplySecurityHeaders->handle()
#40 /workspace/app/Core/Http/Middleware/ResolveOrganizationContext.php(49): Illuminate\\Pipeline\\Pipeline->{closure:{closure:Illuminate\\Pipeline\\Pipeline::carry():194}:195}()
#41 /workspace/vendor/laravel/framework/src/Illuminate/Pipeline/Pipeline.php(219): Nabilet\\Core\\Http\\Middleware\\ResolveOrganizationContext->handle()
#42 /workspace/app/Core/Http/Middleware/AssignRequestId.php(35): Illuminate\\Pipeline\\Pipeline->{closure:{closure:Illuminate\\Pipeline\\Pipeline::carry():194}:195}()
#43 /workspace/vendor/laravel/framework/src/Illuminate/Pipeline/Pipeline.php(219): Nabilet\\Core\\Http\\Middleware\\AssignRequestId->handle()
#44 /workspace/vendor/laravel/framework/src/Illuminate/Foundation/Http/Middleware/TransformsRequest.php(21): Illuminate\\Pipeline\\Pipeline->{closure:{closure:Illuminate\\Pipeline\\Pipeline::carry():194}:195}()
#45 /workspace/vendor/laravel/framework/src/Illuminate/Foundation/Http/Middleware/ConvertEmptyStringsToNull.php(31): Illuminate\\Foundation\\Http\\Middleware\\TransformsRequest->handle()
#46 /workspace/vendor/laravel/framework/src/Illuminate/Pipeline/Pipeline.php(219): Illuminate\\Foundation\\Http\\Middleware\\ConvertEmptyStringsToNull->handle()
#47 /workspace/vendor/laravel/framework/src/Illuminate/Foundation/Http/Middleware/TransformsRequest.php(21): Illuminate\\Pipeline\\Pipeline->{closure:{closure:Illuminate\\Pipeline\\Pipeline::carry():194}:195}()
#48 /workspace/vendor/laravel/framework/src/Illuminate/Foundation/Http/Middleware/TrimStrings.php(51): Illuminate\\Foundation\\Http\\Middleware\\TransformsRequest->handle()
#49 /workspace/vendor/laravel/framework/src/Illuminate/Pipeline/Pipeline.php(219): Illuminate\\Foundation\\Http\\Middleware\\TrimStrings->handle()
#50 /workspace/vendor/laravel/framework/src/Illuminate/Http/Middleware/ValidatePostSize.php(27): Illuminate\\Pipeline\\Pipeline->{closure:{closure:Illuminate\\Pipeline\\Pipeline::carry():194}:195}()
#51 /workspace/vendor/laravel/framework/src/Illuminate/Pipeline/Pipeline.php(219): Illuminate\\Http\\Middleware\\ValidatePostSize->handle()
#52 /workspace/vendor/laravel/framework/src/Illuminate/Foundation/Http/Middleware/PreventRequestsDuringMaintenance.php(110): Illuminate\\Pipeline\\Pipeline->{closure:{closure:Illuminate\\Pipeline\\Pipeline::carry():194}:195}()
#53 /workspace/vendor/laravel/framework/src/Illuminate/Pipeline/Pipeline.php(219): Illuminate\\Foundation\\Http\\Middleware\\PreventRequestsDuringMaintenance->handle()
#54 /workspace/vendor/laravel/framework/src/Illuminate/Http/Middleware/HandleCors.php(61): Illuminate\\Pipeline\\Pipeline->{closure:{closure:Illuminate\\Pipeline\\Pipeline::carry():194}:195}()
#55 /workspace/vendor/laravel/framework/src/Illuminate/Pipeline/Pipeline.php(219): Illuminate\\Http\\Middleware\\HandleCors->handle()
#56 /workspace/vendor/laravel/framework/src/Illuminate/Http/Middleware/TrustProxies.php(58): Illuminate\\Pipeline\\Pipeline->{closure:{closure:Illuminate\\Pipeline\\Pipeline::carry():194}:195}()
#57 /workspace/vendor/laravel/framework/src/Illuminate/Pipeline/Pipeline.php(219): Illuminate\\Http\\Middleware\\TrustProxies->handle()
#58 /workspace/vendor/laravel/framework/src/Illuminate/Foundation/Http/Middleware/InvokeDeferredCallbacks.php(22): Illuminate\\Pipeline\\Pipeline->{closure:{closure:Illuminate\\Pipeline\\Pipeline::carry():194}:195}()
#59 /workspace/vendor/laravel/framework/src/Illuminate/Pipeline/Pipeline.php(219): Illuminate\\Foundation\\Http\\Middleware\\InvokeDeferredCallbacks->handle()
#60 /workspace/vendor/laravel/framework/src/Illuminate/Http/Middleware/ValidatePathEncoding.php(28): Illuminate\\Pipeline\\Pipeline->{closure:{closure:Illuminate\\Pipeline\\Pipeline::carry():194}:195}()
#61 /workspace/vendor/laravel/framework/src/Illuminate/Pipeline/Pipeline.php(219): Illuminate\\Http\\Middleware\\ValidatePathEncoding->handle()
#62 /workspace/vendor/laravel/framework/src/Illuminate/Pipeline/Pipeline.php(137): Illuminate\\Pipeline\\Pipeline->{closure:{closure:Illuminate\\Pipeline\\Pipeline::carry():194}:195}()
#63 /workspace/vendor/laravel/framework/src/Illuminate/Foundation/Http/Kernel.php(175): Illuminate\\Pipeline\\Pipeline->then()
#64 /workspace/vendor/laravel/framework/src/Illuminate/Foundation/Http/Kernel.php(144): Illuminate\\Foundation\\Http\\Kernel->sendRequestThroughRouter()
#65 /workspace/vendor/laravel/framework/src/Illuminate/Foundation/Application.php(1227): Illuminate\\Foundation\\Http\\Kernel->handle()
#66 /workspace/public/index.php(21): Illuminate\\Foundation\\Application->handleRequest()
#67 /workspace/vendor/laravel/framework/src/Illuminate/Foundation/resources/server.php(23): require_once('...')
#68 {main}
"} {"request_id":"e9a46af43c375c088571aadb00625480"}
[2026-10-01 18:05:21] production.ERROR: The /workspace/bootstrap/cache directory must be present and writable. {"exception":"[object] (Exception(code: 0): The /workspace/bootstrap/cache directory must be present and writable. at /workspace/vendor/laravel/framework/src/Illuminate/Foundation/PackageManifest.php:179)
[stacktrace]
#0 /workspace/vendor/laravel/framework/src/Illuminate/Foundation/PackageManifest.php(132): Illuminate\\Foundation\\PackageManifest->write()
#1 /workspace/vendor/laravel/framework/src/Illuminate/Foundation/PackageManifest.php(108): Illuminate\\Foundation\\PackageManifest->build()
#2 /workspace/vendor/laravel/framework/src/Illuminate/Foundation/PackageManifest.php(90): Illuminate\\Foundation\\PackageManifest->getManifest()
#3 /workspace/vendor/laravel/framework/src/Illuminate/Foundation/PackageManifest.php(79): Illuminate\\Foundation\\PackageManifest->config()
#4 /workspace/vendor/laravel/framework/src/Illuminate/Foundation/Bootstrap/RegisterFacades.php(26): Illuminate\\Foundation\\PackageManifest->aliases()
#5 /workspace/vendor/laravel/framework/src/Illuminate/Foundation/Application.php(349): Illuminate\\Foundation\\Bootstrap\\RegisterFacades->bootstrap()
#6 /workspace/vendor/laravel/framework/src/Illuminate/Foundation/Console/Kernel.php(507): Illuminate\\Foundation\\Application->bootstrapWith()
#7 /workspace/vendor/laravel/framework/src/Illuminate/Foundation/Console/Kernel.php(196): Illuminate\\Foundation\\Console\\Kernel->bootstrap()
#8 /workspace/artisan(16): Illuminate\\Foundation\\Console\\Kernel->handle()
#9 {main}
"} 
[2026-10-01 18:05:26] production.ERROR: The /workspace/bootstrap/cache directory must be present and writable. {"exception":"[object] (Exception(code: 0): The /workspace/bootstrap/cache directory must be present and writable. at /workspace/vendor/laravel/framework/src/Illuminate/Foundation/PackageManifest.php:179)
[stacktrace]
#0 /workspace/vendor/laravel/framework/src/Illuminate/Foundation/PackageManifest.php(132): Illuminate\\Foundation\\PackageManifest->write()
#1 /workspace/vendor/laravel/framework/src/Illuminate/Foundation/PackageManifest.php(108): Illuminate\\Foundation\\PackageManifest->build()
#2 /workspace/vendor/laravel/framework/src/Illuminate/Foundation/PackageManifest.php(90): Illuminate\\Foundation\\PackageManifest->getManifest()
#3 /workspace/vendor/laravel/framework/src/Illuminate/Foundation/PackageManifest.php(79): Illuminate\\Foundation\\PackageManifest->config()
#4 /workspace/vendor/laravel/framework/src/Illuminate/Foundation/Bootstrap/RegisterFacades.php(26): Illuminate\\Foundation\\PackageManifest->aliases()
#5 /workspace/vendor/laravel/framework/src/Illuminate/Foundation/Application.php(349): Illuminate\\Foundation\\Bootstrap\\RegisterFacades->bootstrap()
#6 /workspace/vendor/laravel/framework/src/Illuminate/Foundation/Console/Kernel.php(507): Illuminate\\Foundation\\Application->bootstrapWith()
#7 /workspace/vendor/laravel/framework/src/Illuminate/Foundation/Console/Kernel.php(196): Illuminate\\Foundation\\Console\\Kernel->bootstrap()
#8 /workspace/artisan(16): Illuminate\\Foundation\\Console\\Kernel->handle()
#9 {main}
"} 
[2026-10-01 18:06:06] local.ERROR: SQLSTATE[HY000]: General error: 1 near "CONSTRAINT": syntax error (Connection: sqlite, Database: /workspace/database.sqlite, SQL: ALTER TABLE offline_bundles DROP CONSTRAINT IF EXISTS uq_offline_bundles_hash;) {"exception":"[object] (Illuminate\\Database\\QueryException(code: HY000): SQLSTATE[HY000]: General error: 1 near \"CONSTRAINT\": syntax error (Connection: sqlite, Database: /workspace/database.sqlite, SQL: ALTER TABLE offline_bundles DROP CONSTRAINT IF EXISTS uq_offline_bundles_hash;) at /workspace/vendor/laravel/framework/src/Illuminate/Database/Connection.php:857)
[stacktrace]
#0 /workspace/vendor/laravel/framework/src/Illuminate/Database/Connection.php(813): Illuminate\\Database\\Connection->runQueryCallback()
#1 /workspace/vendor/laravel/framework/src/Illuminate/Database/Connection.php(590): Illuminate\\Database\\Connection->run()
#2 /workspace/vendor/laravel/framework/src/Illuminate/Database/DatabaseManager.php(502): Illuminate\\Database\\Connection->statement()
#3 /workspace/vendor/laravel/framework/src/Illuminate/Support/Facades/Facade.php(364): Illuminate\\Database\\DatabaseManager->__call()
#4 /workspace/database/migrations/2026_09_20_001200_fix_offline_bundles_unique_constraint.php(25): Illuminate\\Support\\Facades\\Facade::__callStatic()
#5 /workspace/vendor/laravel/framework/src/Illuminate/Database/Migrations/Migrator.php(517): Illuminate\\Database\\Migrations\\Migration@anonymous->up()
#6 /workspace/vendor/laravel/framework/src/Illuminate/Database/Migrations/Migrator.php(442): Illuminate\\Database\\Migrations\\Migrator->runMethod()
#7 /workspace/vendor/laravel/framework/src/Illuminate/Database/Migrations/Migrator.php(451): Illuminate\\Database\\Migrations\\Migrator->{closure:Illuminate\\Database\\Migrations\\Migrator::runMigration():438}()
#8 /workspace/vendor/laravel/framework/src/Illuminate/Database/Migrations/Migrator.php(253): Illuminate\\Database\\Migrations\\Migrator->runMigration()
#9 /workspace/vendor/laravel/framework/src/Illuminate/Console/View/Components/Task.php(43): Illuminate\\Database\\Migrations\\Migrator->{closure:Illuminate\\Database\\Migrations\\Migrator::runUp():253}()
#10 /workspace/vendor/laravel/framework/src/Illuminate/Database/Migrations/Migrator.php(853): Illuminate\\Console\\View\\Components\\Task->render()
#11 /workspace/vendor/laravel/framework/src/Illuminate/Database/Migrations/Migrator.php(253): Illuminate\\Database\\Migrations\\Migrator->write()
#12 /workspace/vendor/laravel/framework/src/Illuminate/Database/Migrations/Migrator.php(211): Illuminate\\Database\\Migrations\\Migrator->runUp()
#13 /workspace/vendor/laravel/framework/src/Illuminate/Database/Migrations/Migrator.php(138): Illuminate\\Database\\Migrations\\Migrator->runPending()
#14 /workspace/vendor/laravel/framework/src/Illuminate/Database/Console/Migrations/MigrateCommand.php(118): Illuminate\\Database\\Migrations\\Migrator->run()
#15 /workspace/vendor/laravel/framework/src/Illuminate/Database/Migrations/Migrator.php(672): Illuminate\\Database\\Console\\Migrations\\MigrateCommand->{closure:Illuminate\\Database\\Console\\Migrations\\MigrateCommand::runMigrations():111}()
#16 /workspace/vendor/laravel/framework/src/Illuminate/Database/Console/Migrations/MigrateCommand.php(111): Illuminate\\Database\\Migrations\\Migrator->usingConnection()
#17 /workspace/vendor/laravel/framework/src/Illuminate/Database/Console/Migrations/MigrateCommand.php(90): Illuminate\\Database\\Console\\Migrations\\MigrateCommand->runMigrations()
#18 /workspace/vendor/laravel/framework/src/Illuminate/Container/BoundMethod.php(36): Illuminate\\Database\\Console\\Migrations\\MigrateCommand->handle()
#19 /workspace/vendor/laravel/framework/src/Illuminate/Container/Util.php(43): Illuminate\\Container\\BoundMethod::{closure:Illuminate\\Container\\BoundMethod::call():35}()
#20 /workspace/vendor/laravel/framework/src/Illuminate/Container/BoundMethod.php(96): Illuminate\\Container\\Util::unwrapIfClosure()
#21 /workspace/vendor/laravel/framework/src/Illuminate/Container/BoundMethod.php(35): Illuminate\\Container\\BoundMethod::callBoundMethod()
#22 /workspace/vendor/laravel/framework/src/Illuminate/Container/Container.php(803): Illuminate\\Container\\BoundMethod::call()
#23 /workspace/vendor/laravel/framework/src/Illuminate/Console/Command.php(292): Illuminate\\Container\\Container->call()
#24 /workspace/vendor/symfony/console/Command/Command.php(341): Illuminate\\Console\\Command->execute()
#25 /workspace/vendor/laravel/framework/src/Illuminate/Console/Command.php(261): Symfony\\Component\\Console\\Command\\Command->run()
#26 /workspace/vendor/symfony/console/Application.php(1117): Illuminate\\Console\\Command->run()
#27 /workspace/vendor/symfony/console/Application.php(356): Symfony\\Component\\Console\\Application->doRunCommand()
#28 /workspace/vendor/symfony/console/Application.php(195): Symfony\\Component\\Console\\Application->doRun()
#29 /workspace/vendor/laravel/framework/src/Illuminate/Foundation/Console/Kernel.php(198): Symfony\\Component\\Console\\Application->run()
#30 /workspace/artisan(16): Illuminate\\Foundation\\Console\\Kernel->handle()
#31 {main}

[previous exception] [object] (PDOException(code: HY000): SQLSTATE[HY000]: General error: 1 near \"CONSTRAINT\": syntax error at /workspace/vendor/laravel/framework/src/Illuminate/Database/Connection.php:595)
[stacktrace]
#0 /workspace/vendor/laravel/framework/src/Illuminate/Database/Connection.php(595): PDO->prepare()
#1 /workspace/vendor/laravel/framework/src/Illuminate/Database/Connection.php(846): Illuminate\\Database\\Connection->{closure:Illuminate\\Database\\Connection::statement():590}()
#2 /workspace/vendor/laravel/framework/src/Illuminate/Database/Connection.php(813): Illuminate\\Database\\Connection->runQueryCallback()
#3 /workspace/vendor/laravel/framework/src/Illuminate/Database/Connection.php(590): Illuminate\\Database\\Connection->run()
#4 /workspace/vendor/laravel/framework/src/Illuminate/Database/DatabaseManager.php(502): Illuminate\\Database\\Connection->statement()
#5 /workspace/vendor/laravel/framework/src/Illuminate/Support/Facades/Facade.php(364): Illuminate\\Database\\DatabaseManager->__call()
#6 /workspace/database/migrations/2026_09_20_001200_fix_offline_bundles_unique_constraint.php(25): Illuminate\\Support\\Facades\\Facade::__callStatic()
#7 /workspace/vendor/laravel/framework/src/Illuminate/Database/Migrations/Migrator.php(517): Illuminate\\Database\\Migrations\\Migration@anonymous->up()
#8 /workspace/vendor/laravel/framework/src/Illuminate/Database/Migrations/Migrator.php(442): Illuminate\\Database\\Migrations\\Migrator->runMethod()
#9 /workspace/vendor/laravel/framework/src/Illuminate/Database/Migrations/Migrator.php(451): Illuminate\\Database\\Migrations\\Migrator->{closure:Illuminate\\Database\\Migrations\\Migrator::runMigration():438}()
#10 /workspace/vendor/laravel/framework/src/Illuminate/Database/Migrations/Migrator.php(253): Illuminate\\Database\\Migrations\\Migrator->runMigration()
#11 /workspace/vendor/laravel/framework/src/Illuminate/Console/View/Components/Task.php(43): Illuminate\\Database\\Migrations\\Migrator->{closure:Illuminate\\Database\\Migrations\\Migrator::runUp():253}()
#12 /workspace/vendor/laravel/framework/src/Illuminate/Database/Migrations/Migrator.php(853): Illuminate\\Console\\View\\Components\\Task->render()
#13 /workspace/vendor/laravel/framework/src/Illuminate/Database/Migrations/Migrator.php(253): Illuminate\\Database\\Migrations\\Migrator->write()
#14 /workspace/vendor/laravel/framework/src/Illuminate/Database/Migrations/Migrator.php(211): Illuminate\\Database\\Migrations\\Migrator->runUp()
#15 /workspace/vendor/laravel/framework/src/Illuminate/Database/Migrations/Migrator.php(138): Illuminate\\Database\\Migrations\\Migrator->runPending()
#16 /workspace/vendor/laravel/framework/src/Illuminate/Database/Console/Migrations/MigrateCommand.php(118): Illuminate\\Database\\Migrations\\Migrator->run()
#17 /workspace/vendor/laravel/framework/src/Illuminate/Database/Migrations/Migrator.php(672): Illuminate\\Database\\Console\\Migrations\\MigrateCommand->{closure:Illuminate\\Database\\Console\\Migrations\\MigrateCommand::runMigrations():111}()
#18 /workspace/vendor/laravel/framework/src/Illuminate/Database/Console/Migrations/MigrateCommand.php(111): Illuminate\\Database\\Migrations\\Migrator->usingConnection()
#19 /workspace/vendor/laravel/framework/src/Illuminate/Database/Console/Migrations/MigrateCommand.php(90): Illuminate\\Database\\Console\\Migrations\\MigrateCommand->runMigrations()
#20 /workspace/vendor/laravel/framework/src/Illuminate/Container/BoundMethod.php(36): Illuminate\\Database\\Console\\Migrations\\MigrateCommand->handle()
#21 /workspace/vendor/laravel/framework/src/Illuminate/Container/Util.php(43): Illuminate\\Container\\BoundMethod::{closure:Illuminate\\Container\\BoundMethod::call():35}()
#22 /workspace/vendor/laravel/framework/src/Illuminate/Container/BoundMethod.php(96): Illuminate\\Container\\Util::unwrapIfClosure()
#23 /workspace/vendor/laravel/framework/src/Illuminate/Container/BoundMethod.php(35): Illuminate\\Container\\BoundMethod::callBoundMethod()
#24 /workspace/vendor/laravel/framework/src/Illuminate/Container/Container.php(803): Illuminate\\Container\\BoundMethod::call()
#25 /workspace/vendor/laravel/framework/src/Illuminate/Console/Command.php(292): Illuminate\\Container\\Container->call()
#26 /workspace/vendor/symfony/console/Command/Command.php(341): Illuminate\\Console\\Command->execute()
#27 /workspace/vendor/laravel/framework/src/Illuminate/Console/Command.php(261): Symfony\\Component\\Console\\Command\\Command->run()
#28 /workspace/vendor/symfony/console/Application.php(1117): Illuminate\\Console\\Command->run()
#29 /workspace/vendor/symfony/console/Application.php(356): Symfony\\Component\\Console\\Application->doRunCommand()
#30 /workspace/vendor/symfony/console/Application.php(195): Symfony\\Component\\Console\\Application->doRun()
#31 /workspace/vendor/laravel/framework/src/Illuminate/Foundation/Console/Kernel.php(198): Symfony\\Component\\Console\\Application->run()
#32 /workspace/artisan(16): Illuminate\\Foundation\\Console\\Kernel->handle()
#33 {main}
"} 
[2026-10-01 18:10:26] local.ERROR: Array to string conversion {"exception":"[object] (ErrorException(code: 0): Array to string conversion at /workspace/vendor/laravel/framework/src/Illuminate/Database/Schema/Grammars/MySqlGrammar.php:501)
[stacktrace]
#0 /workspace/vendor/laravel/framework/src/Illuminate/Foundation/Bootstrap/HandleExceptions.php(265): Illuminate\\Foundation\\Bootstrap\\HandleExceptions->handleError()
#1 /workspace/vendor/laravel/framework/src/Illuminate/Database/Schema/Grammars/MySqlGrammar.php(501): Illuminate\\Foundation\\Bootstrap\\HandleExceptions->{closure:Illuminate\\Foundation\\Bootstrap\\HandleExceptions::forwardsTo():264}()
#2 /workspace/vendor/laravel/framework/src/Illuminate/Database/Schema/Grammars/MySqlGrammar.php(460): Illuminate\\Database\\Schema\\Grammars\\MySqlGrammar->compileKey()
#3 /workspace/vendor/laravel/framework/src/Illuminate/Database/Schema/Blueprint.php(154): Illuminate\\Database\\Schema\\Grammars\\MySqlGrammar->compileIndex()
#4 /workspace/vendor/laravel/framework/src/Illuminate/Database/Schema/Blueprint.php(121): Illuminate\\Database\\Schema\\Blueprint->toSql()
#5 /workspace/vendor/laravel/framework/src/Illuminate/Database/Schema/Builder.php(704): Illuminate\\Database\\Schema\\Blueprint->build()
#6 /workspace/vendor/laravel/framework/src/Illuminate/Database/Schema/Builder.php(522): Illuminate\\Database\\Schema\\Builder->build()
#7 /workspace/vendor/laravel/framework/src/Illuminate/Support/Facades/Facade.php(364): Illuminate\\Database\\Schema\\Builder->create()
#8 /workspace/database/migrations/2026_09_20_000700_007_analytics.php(105): Illuminate\\Support\\Facades\\Facade::__callStatic()
#9 /workspace/vendor/laravel/framework/src/Illuminate/Database/Migrations/Migrator.php(517): Illuminate\\Database\\Migrations\\Migration@anonymous->up()
#10 /workspace/vendor/laravel/framework/src/Illuminate/Database/Migrations/Migrator.php(442): Illuminate\\Database\\Migrations\\Migrator->runMethod()
#11 /workspace/vendor/laravel/framework/src/Illuminate/Database/Migrations/Migrator.php(451): Illuminate\\Database\\Migrations\\Migrator->{closure:Illuminate\\Database\\Migrations\\Migrator::runMigration():438}()
#12 /workspace/vendor/laravel/framework/src/Illuminate/Database/Migrations/Migrator.php(253): Illuminate\\Database\\Migrations\\Migrator->runMigration()
#13 /workspace/vendor/laravel/framework/src/Illuminate/Console/View/Components/Task.php(43): Illuminate\\Database\\Migrations\\Migrator->{closure:Illuminate\\Database\\Migrations\\Migrator::runUp():253}()
#14 /workspace/vendor/laravel/framework/src/Illuminate/Database/Migrations/Migrator.php(853): Illuminate\\Console\\View\\Components\\Task->render()
#15 /workspace/vendor/laravel/framework/src/Illuminate/Database/Migrations/Migrator.php(253): Illuminate\\Database\\Migrations\\Migrator->write()
#16 /workspace/vendor/laravel/framework/src/Illuminate/Database/Migrations/Migrator.php(211): Illuminate\\Database\\Migrations\\Migrator->runUp()
#17 /workspace/vendor/laravel/framework/src/Illuminate/Database/Migrations/Migrator.php(138): Illuminate\\Database\\Migrations\\Migrator->runPending()
#18 /workspace/vendor/laravel/framework/src/Illuminate/Database/Console/Migrations/MigrateCommand.php(118): Illuminate\\Database\\Migrations\\Migrator->run()
#19 /workspace/vendor/laravel/framework/src/Illuminate/Database/Migrations/Migrator.php(672): Illuminate\\Database\\Console\\Migrations\\MigrateCommand->{closure:Illuminate\\Database\\Console\\Migrations\\MigrateCommand::runMigrations():111}()
#20 /workspace/vendor/laravel/framework/src/Illuminate/Database/Console/Migrations/MigrateCommand.php(111): Illuminate\\Database\\Migrations\\Migrator->usingConnection()
#21 /workspace/vendor/laravel/framework/src/Illuminate/Database/Console/Migrations/MigrateCommand.php(90): Illuminate\\Database\\Console\\Migrations\\MigrateCommand->runMigrations()
#22 /workspace/vendor/laravel/framework/src/Illuminate/Container/BoundMethod.php(36): Illuminate\\Database\\Console\\Migrations\\MigrateCommand->handle()
#23 /workspace/vendor/laravel/framework/src/Illuminate/Container/Util.php(43): Illuminate\\Container\\BoundMethod::{closure:Illuminate\\Container\\BoundMethod::call():35}()
#24 /workspace/vendor/laravel/framework/src/Illuminate/Container/BoundMethod.php(96): Illuminate\\Container\\Util::unwrapIfClosure()
#25 /workspace/vendor/laravel/framework/src/Illuminate/Container/BoundMethod.php(35): Illuminate\\Container\\BoundMethod::callBoundMethod()
#26 /workspace/vendor/laravel/framework/src/Illuminate/Container/Container.php(803): Illuminate\\Container\\BoundMethod::call()
#27 /workspace/vendor/laravel/framework/src/Illuminate/Console/Command.php(292): Illuminate\\Container\\Container->call()
#28 /workspace/vendor/symfony/console/Command/Command.php(341): Illuminate\\Console\\Command->execute()
#29 /workspace/vendor/laravel/framework/src/Illuminate/Console/Command.php(261): Symfony\\Component\\Console\\Command\\Command->run()
#30 /workspace/vendor/laravel/framework/src/Illuminate/Console/Concerns/CallsCommands.php(68): Illuminate\\Console\\Command->run()
#31 /workspace/vendor/laravel/framework/src/Illuminate/Console/Concerns/CallsCommands.php(29): Illuminate\\Console\\Command->runCommand()
#32 /workspace/vendor/laravel/framework/src/Illuminate/Database/Console/Migrations/FreshCommand.php(96): Illuminate\\Console\\Command->call()
#33 /workspace/vendor/laravel/framework/src/Illuminate/Container/BoundMethod.php(36): Illuminate\\Database\\Console\\Migrations\\FreshCommand->handle()
#34 /workspace/vendor/laravel/framework/src/Illuminate/Container/Util.php(43): Illuminate\\Container\\BoundMethod::{closure:Illuminate\\Container\\BoundMethod::call():35}()
#35 /workspace/vendor/laravel/framework/src/Illuminate/Container/BoundMethod.php(96): Illuminate\\Container\\Util::unwrapIfClosure()
#36 /workspace/vendor/laravel/framework/src/Illuminate/Container/BoundMethod.php(35): Illuminate\\Container\\BoundMethod::callBoundMethod()
#37 /workspace/vendor/laravel/framework/src/Illuminate/Container/Container.php(803): Illuminate\\Container\\BoundMethod::call()
#38 /workspace/vendor/laravel/framework/src/Illuminate/Console/Command.php(292): Illuminate\\Container\\Container->call()
#39 /workspace/vendor/symfony/console/Command/Command.php(341): Illuminate\\Console\\Command->execute()
#40 /workspace/vendor/laravel/framework/src/Illuminate/Console/Command.php(261): Symfony\\Component\\Console\\Command\\Command->run()
#41 /workspace/vendor/symfony/console/Application.php(1117): Illuminate\\Console\\Command->run()
#42 /workspace/vendor/symfony/console/Application.php(356): Symfony\\Component\\Console\\Application->doRunCommand()
#43 /workspace/vendor/symfony/console/Application.php(195): Symfony\\Component\\Console\\Application->doRun()
#44 /workspace/vendor/laravel/framework/src/Illuminate/Foundation/Console/Kernel.php(198): Symfony\\Component\\Console\\Application->run()
#45 /workspace/artisan(16): Illuminate\\Foundation\\Console\\Kernel->handle()
#46 {main}
"} 
[2026-10-01 18:10:46] local.ERROR: Array to string conversion {"exception":"[object] (ErrorException(code: 0): Array to string conversion at /workspace/vendor/laravel/framework/src/Illuminate/Database/Schema/Grammars/MySqlGrammar.php:501)
[stacktrace]
#0 /workspace/vendor/laravel/framework/src/Illuminate/Foundation/Bootstrap/HandleExceptions.php(265): Illuminate\\Foundation\\Bootstrap\\HandleExceptions->handleError()
#1 /workspace/vendor/laravel/framework/src/Illuminate/Database/Schema/Grammars/MySqlGrammar.php(501): Illuminate\\Foundation\\Bootstrap\\HandleExceptions->{closure:Illuminate\\Foundation\\Bootstrap\\HandleExceptions::forwardsTo():264}()
#2 /workspace/vendor/laravel/framework/src/Illuminate/Database/Schema/Grammars/MySqlGrammar.php(460): Illuminate\\Database\\Schema\\Grammars\\MySqlGrammar->compileKey()
#3 /workspace/vendor/laravel/framework/src/Illuminate/Database/Schema/Blueprint.php(154): Illuminate\\Database\\Schema\\Grammars\\MySqlGrammar->compileIndex()
#4 /workspace/vendor/laravel/framework/src/Illuminate/Database/Schema/Blueprint.php(121): Illuminate\\Database\\Schema\\Blueprint->toSql()
#5 /workspace/vendor/laravel/framework/src/Illuminate/Database/Schema/Builder.php(704): Illuminate\\Database\\Schema\\Blueprint->build()
#6 /workspace/vendor/laravel/framework/src/Illuminate/Database/Schema/Builder.php(522): Illuminate\\Database\\Schema\\Builder->build()
#7 /workspace/vendor/laravel/framework/src/Illuminate/Support/Facades/Facade.php(364): Illuminate\\Database\\Schema\\Builder->create()
#8 /workspace/database/migrations/2026_09_20_000700_007_analytics.php(105): Illuminate\\Support\\Facades\\Facade::__callStatic()
#9 /workspace/vendor/laravel/framework/src/Illuminate/Database/Migrations/Migrator.php(517): Illuminate\\Database\\Migrations\\Migration@anonymous->up()
#10 /workspace/vendor/laravel/framework/src/Illuminate/Database/Migrations/Migrator.php(442): Illuminate\\Database\\Migrations\\Migrator->runMethod()
#11 /workspace/vendor/laravel/framework/src/Illuminate/Database/Migrations/Migrator.php(451): Illuminate\\Database\\Migrations\\Migrator->{closure:Illuminate\\Database\\Migrations\\Migrator::runMigration():438}()
#12 /workspace/vendor/laravel/framework/src/Illuminate/Database/Migrations/Migrator.php(253): Illuminate\\Database\\Migrations\\Migrator->runMigration()
#13 /workspace/vendor/laravel/framework/src/Illuminate/Console/View/Components/Task.php(43): Illuminate\\Database\\Migrations\\Migrator->{closure:Illuminate\\Database\\Migrations\\Migrator::runUp():253}()
#14 /workspace/vendor/laravel/framework/src/Illuminate/Database/Migrations/Migrator.php(853): Illuminate\\Console\\View\\Components\\Task->render()
#15 /workspace/vendor/laravel/framework/src/Illuminate/Database/Migrations/Migrator.php(253): Illuminate\\Database\\Migrations\\Migrator->write()
#16 /workspace/vendor/laravel/framework/src/Illuminate/Database/Migrations/Migrator.php(211): Illuminate\\Database\\Migrations\\Migrator->runUp()
#17 /workspace/vendor/laravel/framework/src/Illuminate/Database/Migrations/Migrator.php(138): Illuminate\\Database\\Migrations\\Migrator->runPending()
#18 /workspace/vendor/laravel/framework/src/Illuminate/Database/Console/Migrations/MigrateCommand.php(118): Illuminate\\Database\\Migrations\\Migrator->run()
#19 /workspace/vendor/laravel/framework/src/Illuminate/Database/Migrations/Migrator.php(672): Illuminate\\Database\\Console\\Migrations\\MigrateCommand->{closure:Illuminate\\Database\\Console\\Migrations\\MigrateCommand::runMigrations():111}()
#20 /workspace/vendor/laravel/framework/src/Illuminate/Database/Console/Migrations/MigrateCommand.php(111): Illuminate\\Database\\Migrations\\Migrator->usingConnection()
#21 /workspace/vendor/laravel/framework/src/Illuminate/Database/Console/Migrations/MigrateCommand.php(90): Illuminate\\Database\\Console\\Migrations\\MigrateCommand->runMigrations()
#22 /workspace/vendor/laravel/framework/src/Illuminate/Container/BoundMethod.php(36): Illuminate\\Database\\Console\\Migrations\\MigrateCommand->handle()
#23 /workspace/vendor/laravel/framework/src/Illuminate/Container/Util.php(43): Illuminate\\Container\\BoundMethod::{closure:Illuminate\\Container\\BoundMethod::call():35}()
#24 /workspace/vendor/laravel/framework/src/Illuminate/Container/BoundMethod.php(96): Illuminate\\Container\\Util::unwrapIfClosure()
#25 /workspace/vendor/laravel/framework/src/Illuminate/Container/BoundMethod.php(35): Illuminate\\Container\\BoundMethod::callBoundMethod()
#26 /workspace/vendor/laravel/framework/src/Illuminate/Container/Container.php(803): Illuminate\\Container\\BoundMethod::call()
#27 /workspace/vendor/laravel/framework/src/Illuminate/Console/Command.php(292): Illuminate\\Container\\Container->call()
#28 /workspace/vendor/symfony/console/Command/Command.php(341): Illuminate\\Console\\Command->execute()
#29 /workspace/vendor/laravel/framework/src/Illuminate/Console/Command.php(261): Symfony\\Component\\Console\\Command\\Command->run()
#30 /workspace/vendor/symfony/console/Application.php(1117): Illuminate\\Console\\Command->run()
#31 /workspace/vendor/symfony/console/Application.php(356): Symfony\\Component\\Console\\Application->doRunCommand()
#32 /workspace/vendor/symfony/console/Application.php(195): Symfony\\Component\\Console\\Application->doRun()
#33 /workspace/vendor/laravel/framework/src/Illuminate/Foundation/Console/Kernel.php(198): Symfony\\Component\\Console\\Application->run()
#34 /workspace/artisan(16): Illuminate\\Foundation\\Console\\Kernel->handle()
#35 {main}
"} 
[2026-10-01 18:10:52] local.ERROR: Array to string conversion {"exception":"[object] (ErrorException(code: 0): Array to string conversion at /workspace/vendor/laravel/framework/src/Illuminate/Database/Schema/Grammars/MySqlGrammar.php:501)
[stacktrace]
#0 /workspace/vendor/laravel/framework/src/Illuminate/Foundation/Bootstrap/HandleExceptions.php(265): Illuminate\\Foundation\\Bootstrap\\HandleExceptions->handleError()
#1 /workspace/vendor/laravel/framework/src/Illuminate/Database/Schema/Grammars/MySqlGrammar.php(501): Illuminate\\Foundation\\Bootstrap\\HandleExceptions->{closure:Illuminate\\Foundation\\Bootstrap\\HandleExceptions::forwardsTo():264}()
#2 /workspace/vendor/laravel/framework/src/Illuminate/Database/Schema/Grammars/MySqlGrammar.php(460): Illuminate\\Database\\Schema\\Grammars\\MySqlGrammar->compileKey()
#3 /workspace/vendor/laravel/framework/src/Illuminate/Database/Schema/Blueprint.php(154): Illuminate\\Database\\Schema\\Grammars\\MySqlGrammar->compileIndex()
#4 /workspace/vendor/laravel/framework/src/Illuminate/Database/Schema/Blueprint.php(121): Illuminate\\Database\\Schema\\Blueprint->toSql()
#5 /workspace/vendor/laravel/framework/src/Illuminate/Database/Schema/Builder.php(704): Illuminate\\Database\\Schema\\Blueprint->build()
#6 /workspace/vendor/laravel/framework/src/Illuminate/Database/Schema/Builder.php(510): Illuminate\\Database\\Schema\\Builder->build()
#7 /workspace/vendor/laravel/framework/src/Illuminate/Support/Facades/Facade.php(364): Illuminate\\Database\\Schema\\Builder->table()
#8 /tmp/idxtest.php(9): Illuminate\\Support\\Facades\\Facade::__callStatic()
#9 {main}
"} 
[2026-10-01 18:11:33] local.ERROR: SQLSTATE[42S02]: Base table or view not found: 1146 Table 'nabilet.heatmap_events' doesn't exist (Connection: mysql, Host: 127.0.0.1, Port: 3306, Database: nabilet, SQL: CREATE INDEX idx_heatmap_page_time ON heatmap_events (page_url(255), occurred_at)) {"exception":"[object] (Illuminate\\Database\\QueryException(code: 42S02): SQLSTATE[42S02]: Base table or view not found: 1146 Table 'nabilet.heatmap_events' doesn't exist (Connection: mysql, Host: 127.0.0.1, Port: 3306, Database: nabilet, SQL: CREATE INDEX idx_heatmap_page_time ON heatmap_events (page_url(255), occurred_at)) at /workspace/vendor/laravel/framework/src/Illuminate/Database/Connection.php:857)
[stacktrace]
#0 /workspace/vendor/laravel/framework/src/Illuminate/Database/Connection.php(813): Illuminate\\Database\\Connection->runQueryCallback()
#1 /workspace/vendor/laravel/framework/src/Illuminate/Database/Connection.php(590): Illuminate\\Database\\Connection->run()
#2 /workspace/vendor/laravel/framework/src/Illuminate/Database/DatabaseManager.php(502): Illuminate\\Database\\Connection->statement()
#3 /workspace/vendor/laravel/framework/src/Illuminate/Support/Facades/Facade.php(364): Illuminate\\Database\\DatabaseManager->__call()
#4 /workspace/database/migrations/2026_09_20_000700_007_analytics.php(126): Illuminate\\Support\\Facades\\Facade::__callStatic()
#5 /workspace/vendor/laravel/framework/src/Illuminate/Database/Schema/Builder.php(525): Illuminate\\Database\\Migrations\\Migration@anonymous->{closure:Illuminate\\Database\\Migrations\\Migration@anonymous()
#6 /workspace/vendor/laravel/framework/src/Illuminate/Support/helpers.php(393): Illuminate\\Database\\Schema\\Builder->{closure:Illuminate\\Database\\Schema\\Builder::create():522}()
#7 /workspace/vendor/laravel/framework/src/Illuminate/Database/Schema/Builder.php(522): tap()
#8 /workspace/vendor/laravel/framework/src/Illuminate/Support/Facades/Facade.php(364): Illuminate\\Database\\Schema\\Builder->create()
#9 /workspace/database/migrations/2026_09_20_000700_007_analytics.php(106): Illuminate\\Support\\Facades\\Facade::__callStatic()
#10 /workspace/vendor/laravel/framework/src/Illuminate/Database/Migrations/Migrator.php(517): Illuminate\\Database\\Migrations\\Migration@anonymous->up()
#11 /workspace/vendor/laravel/framework/src/Illuminate/Database/Migrations/Migrator.php(442): Illuminate\\Database\\Migrations\\Migrator->runMethod()
#12 /workspace/vendor/laravel/framework/src/Illuminate/Database/Migrations/Migrator.php(451): Illuminate\\Database\\Migrations\\Migrator->{closure:Illuminate\\Database\\Migrations\\Migrator::runMigration():438}()
#13 /workspace/vendor/laravel/framework/src/Illuminate/Database/Migrations/Migrator.php(253): Illuminate\\Database\\Migrations\\Migrator->runMigration()
#14 /workspace/vendor/laravel/framework/src/Illuminate/Console/View/Components/Task.php(43): Illuminate\\Database\\Migrations\\Migrator->{closure:Illuminate\\Database\\Migrations\\Migrator::runUp():253}()
#15 /workspace/vendor/laravel/framework/src/Illuminate/Database/Migrations/Migrator.php(853): Illuminate\\Console\\View\\Components\\Task->render()
#16 /workspace/vendor/laravel/framework/src/Illuminate/Database/Migrations/Migrator.php(253): Illuminate\\Database\\Migrations\\Migrator->write()
#17 /workspace/vendor/laravel/framework/src/Illuminate/Database/Migrations/Migrator.php(211): Illuminate\\Database\\Migrations\\Migrator->runUp()
#18 /workspace/vendor/laravel/framework/src/Illuminate/Database/Migrations/Migrator.php(138): Illuminate\\Database\\Migrations\\Migrator->runPending()
#19 /workspace/vendor/laravel/framework/src/Illuminate/Database/Console/Migrations/MigrateCommand.php(118): Illuminate\\Database\\Migrations\\Migrator->run()
#20 /workspace/vendor/laravel/framework/src/Illuminate/Database/Migrations/Migrator.php(672): Illuminate\\Database\\Console\\Migrations\\MigrateCommand->{closure:Illuminate\\Database\\Console\\Migrations\\MigrateCommand::runMigrations():111}()
#21 /workspace/vendor/laravel/framework/src/Illuminate/Database/Console/Migrations/MigrateCommand.php(111): Illuminate\\Database\\Migrations\\Migrator->usingConnection()
#22 /workspace/vendor/laravel/framework/src/Illuminate/Database/Console/Migrations/MigrateCommand.php(90): Illuminate\\Database\\Console\\Migrations\\MigrateCommand->runMigrations()
#23 /workspace/vendor/laravel/framework/src/Illuminate/Container/BoundMethod.php(36): Illuminate\\Database\\Console\\Migrations\\MigrateCommand->handle()
#24 /workspace/vendor/laravel/framework/src/Illuminate/Container/Util.php(43): Illuminate\\Container\\BoundMethod::{closure:Illuminate\\Container\\BoundMethod::call():35}()
#25 /workspace/vendor/laravel/framework/src/Illuminate/Container/BoundMethod.php(96): Illuminate\\Container\\Util::unwrapIfClosure()
#26 /workspace/vendor/laravel/framework/src/Illuminate/Container/BoundMethod.php(35): Illuminate\\Container\\BoundMethod::callBoundMethod()
#27 /workspace/vendor/laravel/framework/src/Illuminate/Container/Container.php(803): Illuminate\\Container\\BoundMethod::call()
#28 /workspace/vendor/laravel/framework/src/Illuminate/Console/Command.php(292): Illuminate\\Container\\Container->call()
#29 /workspace/vendor/symfony/console/Command/Command.php(341): Illuminate\\Console\\Command->execute()
#30 /workspace/vendor/laravel/framework/src/Illuminate/Console/Command.php(261): Symfony\\Component\\Console\\Command\\Command->run()
#31 /workspace/vendor/laravel/framework/src/Illuminate/Console/Concerns/CallsCommands.php(68): Illuminate\\Console\\Command->run()
#32 /workspace/vendor/laravel/framework/src/Illuminate/Console/Concerns/CallsCommands.php(29): Illuminate\\Console\\Command->runCommand()
#33 /workspace/vendor/laravel/framework/src/Illuminate/Database/Console/Migrations/FreshCommand.php(96): Illuminate\\Console\\Command->call()
#34 /workspace/vendor/laravel/framework/src/Illuminate/Container/BoundMethod.php(36): Illuminate\\Database\\Console\\Migrations\\FreshCommand->handle()
#35 /workspace/vendor/laravel/framework/src/Illuminate/Container/Util.php(43): Illuminate\\Container\\BoundMethod::{closure:Illuminate\\Container\\BoundMethod::call():35}()
#36 /workspace/vendor/laravel/framework/src/Illuminate/Container/BoundMethod.php(96): Illuminate\\Container\\Util::unwrapIfClosure()
#37 /workspace/vendor/laravel/framework/src/Illuminate/Container/BoundMethod.php(35): Illuminate\\Container\\BoundMethod::callBoundMethod()
#38 /workspace/vendor/laravel/framework/src/Illuminate/Container/Container.php(803): Illuminate\\Container\\BoundMethod::call()
#39 /workspace/vendor/laravel/framework/src/Illuminate/Console/Command.php(292): Illuminate\\Container\\Container->call()
#40 /workspace/vendor/symfony/console/Command/Command.php(341): Illuminate\\Console\\Command->execute()
#41 /workspace/vendor/laravel/framework/src/Illuminate/Console/Command.php(261): Symfony\\Component\\Console\\Command\\Command->run()
#42 /workspace/vendor/symfony/console/Application.php(1117): Illuminate\\Console\\Command->run()
#43 /workspace/vendor/symfony/console/Application.php(356): Symfony\\Component\\Console\\Application->doRunCommand()
#44 /workspace/vendor/symfony/console/Application.php(195): Symfony\\Component\\Console\\Application->doRun()
#45 /workspace/vendor/laravel/framework/src/Illuminate/Foundation/Console/Kernel.php(198): Symfony\\Component\\Console\\Application->run()
#46 /workspace/artisan(16): Illuminate\\Foundation\\Console\\Kernel->handle()
#47 {main}

[previous exception] [object] (PDOException(code: 42S02): SQLSTATE[42S02]: Base table or view not found: 1146 Table 'nabilet.heatmap_events' doesn't exist at /workspace/vendor/laravel/framework/src/Illuminate/Database/Connection.php:601)
[stacktrace]
#0 /workspace/vendor/laravel/framework/src/Illuminate/Database/Connection.php(601): PDOStatement->execute()
#1 /workspace/vendor/laravel/framework/src/Illuminate/Database/Connection.php(846): Illuminate\\Database\\Connection->{closure:Illuminate\\Database\\Connection::statement():590}()
#2 /workspace/vendor/laravel/framework/src/Illuminate/Database/Connection.php(813): Illuminate\\Database\\Connection->runQueryCallback()
#3 /workspace/vendor/laravel/framework/src/Illuminate/Database/Connection.php(590): Illuminate\\Database\\Connection->run()
#4 /workspace/vendor/laravel/framework/src/Illuminate/Database/DatabaseManager.php(502): Illuminate\\Database\\Connection->statement()
#5 /workspace/vendor/laravel/framework/src/Illuminate/Support/Facades/Facade.php(364): Illuminate\\Database\\DatabaseManager->__call()
#6 /workspace/database/migrations/2026_09_20_000700_007_analytics.php(126): Illuminate\\Support\\Facades\\Facade::__callStatic()
#7 /workspace/vendor/laravel/framework/src/Illuminate/Database/Schema/Builder.php(525): Illuminate\\Database\\Migrations\\Migration@anonymous->{closure:Illuminate\\Database\\Migrations\\Migration@anonymous()
#8 /workspace/vendor/laravel/framework/src/Illuminate/Support/helpers.php(393): Illuminate\\Database\\Schema\\Builder->{closure:Illuminate\\Database\\Schema\\Builder::create():522}()
#9 /workspace/vendor/laravel/framework/src/Illuminate/Database/Schema/Builder.php(522): tap()
#10 /workspace/vendor/laravel/framework/src/Illuminate/Support/Facades/Facade.php(364): Illuminate\\Database\\Schema\\Builder->create()
#11 /workspace/database/migrations/2026_09_20_000700_007_analytics.php(106): Illuminate\\Support\\Facades\\Facade::__callStatic()
#12 /workspace/vendor/laravel/framework/src/Illuminate/Database/Migrations/Migrator.php(517): Illuminate\\Database\\Migrations\\Migration@anonymous->up()
#13 /workspace/vendor/laravel/framework/src/Illuminate/Database/Migrations/Migrator.php(442): Illuminate\\Database\\Migrations\\Migrator->runMethod()
#14 /workspace/vendor/laravel/framework/src/Illuminate/Database/Migrations/Migrator.php(451): Illuminate\\Database\\Migrations\\Migrator->{closure:Illuminate\\Database\\Migrations\\Migrator::runMigration():438}()
#15 /workspace/vendor/laravel/framework/src/Illuminate/Database/Migrations/Migrator.php(253): Illuminate\\Database\\Migrations\\Migrator->runMigration()
#16 /workspace/vendor/laravel/framework/src/Illuminate/Console/View/Components/Task.php(43): Illuminate\\Database\\Migrations\\Migrator->{closure:Illuminate\\Database\\Migrations\\Migrator::runUp():253}()
#17 /workspace/vendor/laravel/framework/src/Illuminate/Database/Migrations/Migrator.php(853): Illuminate\\Console\\View\\Components\\Task->render()
#18 /workspace/vendor/laravel/framework/src/Illuminate/Database/Migrations/Migrator.php(253): Illuminate\\Database\\Migrations\\Migrator->write()
#19 /workspace/vendor/laravel/framework/src/Illuminate/Database/Migrations/Migrator.php(211): Illuminate\\Database\\Migrations\\Migrator->runUp()
#20 /workspace/vendor/laravel/framework/src/Illuminate/Database/Migrations/Migrator.php(138): Illuminate\\Database\\Migrations\\Migrator->runPending()
#21 /workspace/vendor/laravel/framework/src/Illuminate/Database/Console/Migrations/MigrateCommand.php(118): Illuminate\\Database\\Migrations\\Migrator->run()
#22 /workspace/vendor/laravel/framework/src/Illuminate/Database/Migrations/Migrator.php(672): Illuminate\\Database\\Console\\Migrations\\MigrateCommand->{closure:Illuminate\\Database\\Console\\Migrations\\MigrateCommand::runMigrations():111}()
#23 /workspace/vendor/laravel/framework/src/Illuminate/Database/Console/Migrations/MigrateCommand.php(111): Illuminate\\Database\\Migrations\\Migrator->usingConnection()
#24 /workspace/vendor/laravel/framework/src/Illuminate/Database/Console/Migrations/MigrateCommand.php(90): Illuminate\\Database\\Console\\Migrations\\MigrateCommand->runMigrations()
#25 /workspace/vendor/laravel/framework/src/Illuminate/Container/BoundMethod.php(36): Illuminate\\Database\\Console\\Migrations\\MigrateCommand->handle()
#26 /workspace/vendor/laravel/framework/src/Illuminate/Container/Util.php(43): Illuminate\\Container\\BoundMethod::{closure:Illuminate\\Container\\BoundMethod::call():35}()
#27 /workspace/vendor/laravel/framework/src/Illuminate/Container/BoundMethod.php(96): Illuminate\\Container\\Util::unwrapIfClosure()
#28 /workspace/vendor/laravel/framework/src/Illuminate/Container/BoundMethod.php(35): Illuminate\\Container\\BoundMethod::callBoundMethod()
#29 /workspace/vendor/laravel/framework/src/Illuminate/Container/Container.php(803): Illuminate\\Container\\BoundMethod::call()
#30 /workspace/vendor/laravel/framework/src/Illuminate/Console/Command.php(292): Illuminate\\Container\\Container->call()
#31 /workspace/vendor/symfony/console/Command/Command.php(341): Illuminate\\Console\\Command->execute()
#32 /workspace/vendor/laravel/framework/src/Illuminate/Console/Command.php(261): Symfony\\Component\\Console\\Command\\Command->run()
#33 /workspace/vendor/laravel/framework/src/Illuminate/Console/Concerns/CallsCommands.php(68): Illuminate\\Console\\Command->run()
#34 /workspace/vendor/laravel/framework/src/Illuminate/Console/Concerns/CallsCommands.php(29): Illuminate\\Console\\Command->runCommand()
#35 /workspace/vendor/laravel/framework/src/Illuminate/Database/Console/Migrations/FreshCommand.php(96): Illuminate\\Console\\Command->call()
#36 /workspace/vendor/laravel/framework/src/Illuminate/Container/BoundMethod.php(36): Illuminate\\Database\\Console\\Migrations\\FreshCommand->handle()
#37 /workspace/vendor/laravel/framework/src/Illuminate/Container/Util.php(43): Illuminate\\Container\\BoundMethod::{closure:Illuminate\\Container\\BoundMethod::call():35}()
#38 /workspace/vendor/laravel/framework/src/Illuminate/Container/BoundMethod.php(96): Illuminate\\Container\\Util::unwrapIfClosure()
#39 /workspace/vendor/laravel/framework/src/Illuminate/Container/BoundMethod.php(35): Illuminate\\Container\\BoundMethod::callBoundMethod()
#40 /workspace/vendor/laravel/framework/src/Illuminate/Container/Container.php(803): Illuminate\\Container\\BoundMethod::call()
#41 /workspace/vendor/laravel/framework/src/Illuminate/Console/Command.php(292): Illuminate\\Container\\Container->call()
#42 /workspace/vendor/symfony/console/Command/Command.php(341): Illuminate\\Console\\Command->execute()
#43 /workspace/vendor/laravel/framework/src/Illuminate/Console/Command.php(261): Symfony\\Component\\Console\\Command\\Command->run()
#44 /workspace/vendor/symfony/console/Application.php(1117): Illuminate\\Console\\Command->run()
#45 /workspace/vendor/symfony/console/Application.php(356): Symfony\\Component\\Console\\Application->doRunCommand()
#46 /workspace/vendor/symfony/console/Application.php(195): Symfony\\Component\\Console\\Application->doRun()
#47 /workspace/vendor/laravel/framework/src/Illuminate/Foundation/Console/Kernel.php(198): Symfony\\Component\\Console\\Application->run()
#48 /workspace/artisan(16): Illuminate\\Foundation\\Console\\Kernel->handle()
#49 {main}
"} 
[2026-10-01 18:11:37] local.ERROR: SQLSTATE[42S02]: Base table or view not found: 1146 Table 'nabilet.heatmap_events' doesn't exist (Connection: mysql, Host: 127.0.0.1, Port: 3306, Database: nabilet, SQL: CREATE INDEX idx_heatmap_page_time ON heatmap_events (page_url(255), occurred_at)) {"exception":"[object] (Illuminate\\Database\\QueryException(code: 42S02): SQLSTATE[42S02]: Base table or view not found: 1146 Table 'nabilet.heatmap_events' doesn't exist (Connection: mysql, Host: 127.0.0.1, Port: 3306, Database: nabilet, SQL: CREATE INDEX idx_heatmap_page_time ON heatmap_events (page_url(255), occurred_at)) at /workspace/vendor/laravel/framework/src/Illuminate/Database/Connection.php:857)
[stacktrace]
#0 /workspace/vendor/laravel/framework/src/Illuminate/Database/Connection.php(813): Illuminate\\Database\\Connection->runQueryCallback()
#1 /workspace/vendor/laravel/framework/src/Illuminate/Database/Connection.php(590): Illuminate\\Database\\Connection->run()
#2 /workspace/vendor/laravel/framework/src/Illuminate/Database/DatabaseManager.php(502): Illuminate\\Database\\Connection->statement()
#3 /workspace/vendor/laravel/framework/src/Illuminate/Support/Facades/Facade.php(364): Illuminate\\Database\\DatabaseManager->__call()
#4 /workspace/database/migrations/2026_09_20_000700_007_analytics.php(126): Illuminate\\Support\\Facades\\Facade::__callStatic()
#5 /workspace/vendor/laravel/framework/src/Illuminate/Database/Schema/Builder.php(525): Illuminate\\Database\\Migrations\\Migration@anonymous->{closure:Illuminate\\Database\\Migrations\\Migration@anonymous()
#6 /workspace/vendor/laravel/framework/src/Illuminate/Support/helpers.php(393): Illuminate\\Database\\Schema\\Builder->{closure:Illuminate\\Database\\Schema\\Builder::create():522}()
#7 /workspace/vendor/laravel/framework/src/Illuminate/Database/Schema/Builder.php(522): tap()
#8 /workspace/vendor/laravel/framework/src/Illuminate/Support/Facades/Facade.php(364): Illuminate\\Database\\Schema\\Builder->create()
#9 /workspace/database/migrations/2026_09_20_000700_007_analytics.php(106): Illuminate\\Support\\Facades\\Facade::__callStatic()
#10 /workspace/vendor/laravel/framework/src/Illuminate/Database/Migrations/Migrator.php(517): Illuminate\\Database\\Migrations\\Migration@anonymous->up()
#11 /workspace/vendor/laravel/framework/src/Illuminate/Database/Migrations/Migrator.php(442): Illuminate\\Database\\Migrations\\Migrator->runMethod()
#12 /workspace/vendor/laravel/framework/src/Illuminate/Database/Migrations/Migrator.php(451): Illuminate\\Database\\Migrations\\Migrator->{closure:Illuminate\\Database\\Migrations\\Migrator::runMigration():438}()
#13 /workspace/vendor/laravel/framework/src/Illuminate/Database/Migrations/Migrator.php(253): Illuminate\\Database\\Migrations\\Migrator->runMigration()
#14 /workspace/vendor/laravel/framework/src/Illuminate/Console/View/Components/Task.php(43): Illuminate\\Database\\Migrations\\Migrator->{closure:Illuminate\\Database\\Migrations\\Migrator::runUp():253}()
#15 /workspace/vendor/laravel/framework/src/Illuminate/Database/Migrations/Migrator.php(853): Illuminate\\Console\\View\\Components\\Task->render()
#16 /workspace/vendor/laravel/framework/src/Illuminate/Database/Migrations/Migrator.php(253): Illuminate\\Database\\Migrations\\Migrator->write()
#17 /workspace/vendor/laravel/framework/src/Illuminate/Database/Migrations/Migrator.php(211): Illuminate\\Database\\Migrations\\Migrator->runUp()
#18 /workspace/vendor/laravel/framework/src/Illuminate/Database/Migrations/Migrator.php(138): Illuminate\\Database\\Migrations\\Migrator->runPending()
#19 /workspace/vendor/laravel/framework/src/Illuminate/Database/Console/Migrations/MigrateCommand.php(118): Illuminate\\Database\\Migrations\\Migrator->run()
#20 /workspace/vendor/laravel/framework/src/Illuminate/Database/Migrations/Migrator.php(672): Illuminate\\Database\\Console\\Migrations\\MigrateCommand->{closure:Illuminate\\Database\\Console\\Migrations\\MigrateCommand::runMigrations():111}()
#21 /workspace/vendor/laravel/framework/src/Illuminate/Database/Console/Migrations/MigrateCommand.php(111): Illuminate\\Database\\Migrations\\Migrator->usingConnection()
#22 /workspace/vendor/laravel/framework/src/Illuminate/Database/Console/Migrations/MigrateCommand.php(90): Illuminate\\Database\\Console\\Migrations\\MigrateCommand->runMigrations()
#23 /workspace/vendor/laravel/framework/src/Illuminate/Container/BoundMethod.php(36): Illuminate\\Database\\Console\\Migrations\\MigrateCommand->handle()
#24 /workspace/vendor/laravel/framework/src/Illuminate/Container/Util.php(43): Illuminate\\Container\\BoundMethod::{closure:Illuminate\\Container\\BoundMethod::call():35}()
#25 /workspace/vendor/laravel/framework/src/Illuminate/Container/BoundMethod.php(96): Illuminate\\Container\\Util::unwrapIfClosure()
#26 /workspace/vendor/laravel/framework/src/Illuminate/Container/BoundMethod.php(35): Illuminate\\Container\\BoundMethod::callBoundMethod()
#27 /workspace/vendor/laravel/framework/src/Illuminate/Container/Container.php(803): Illuminate\\Container\\BoundMethod::call()
#28 /workspace/vendor/laravel/framework/src/Illuminate/Console/Command.php(292): Illuminate\\Container\\Container->call()
#29 /workspace/vendor/symfony/console/Command/Command.php(341): Illuminate\\Console\\Command->execute()
#30 /workspace/vendor/laravel/framework/src/Illuminate/Console/Command.php(261): Symfony\\Component\\Console\\Command\\Command->run()
#31 /workspace/vendor/symfony/console/Application.php(1117): Illuminate\\Console\\Command->run()
#32 /workspace/vendor/symfony/console/Application.php(356): Symfony\\Component\\Console\\Application->doRunCommand()
#33 /workspace/vendor/symfony/console/Application.php(195): Symfony\\Component\\Console\\Application->doRun()
#34 /workspace/vendor/laravel/framework/src/Illuminate/Foundation/Console/Kernel.php(198): Symfony\\Component\\Console\\Application->run()
#35 /workspace/artisan(16): Illuminate\\Foundation\\Console\\Kernel->handle()
#36 {main}

[previous exception] [object] (PDOException(code: 42S02): SQLSTATE[42S02]: Base table or view not found: 1146 Table 'nabilet.heatmap_events' doesn't exist at /workspace/vendor/laravel/framework/src/Illuminate/Database/Connection.php:601)
[stacktrace]
#0 /workspace/vendor/laravel/framework/src/Illuminate/Database/Connection.php(601): PDOStatement->execute()
#1 /workspace/vendor/laravel/framework/src/Illuminate/Database/Connection.php(846): Illuminate\\Database\\Connection->{closure:Illuminate\\Database\\Connection::statement():590}()
#2 /workspace/vendor/laravel/framework/src/Illuminate/Database/Connection.php(813): Illuminate\\Database\\Connection->runQueryCallback()
#3 /workspace/vendor/laravel/framework/src/Illuminate/Database/Connection.php(590): Illuminate\\Database\\Connection->run()
#4 /workspace/vendor/laravel/framework/src/Illuminate/Database/DatabaseManager.php(502): Illuminate\\Database\\Connection->statement()
#5 /workspace/vendor/laravel/framework/src/Illuminate/Support/Facades/Facade.php(364): Illuminate\\Database\\DatabaseManager->__call()
#6 /workspace/database/migrations/2026_09_20_000700_007_analytics.php(126): Illuminate\\Support\\Facades\\Facade::__callStatic()
#7 /workspace/vendor/laravel/framework/src/Illuminate/Database/Schema/Builder.php(525): Illuminate\\Database\\Migrations\\Migration@anonymous->{closure:Illuminate\\Database\\Migrations\\Migration@anonymous()
#8 /workspace/vendor/laravel/framework/src/Illuminate/Support/helpers.php(393): Illuminate\\Database\\Schema\\Builder->{closure:Illuminate\\Database\\Schema\\Builder::create():522}()
#9 /workspace/vendor/laravel/framework/src/Illuminate/Database/Schema/Builder.php(522): tap()
#10 /workspace/vendor/laravel/framework/src/Illuminate/Support/Facades/Facade.php(364): Illuminate\\Database\\Schema\\Builder->create()
#11 /workspace/database/migrations/2026_09_20_000700_007_analytics.php(106): Illuminate\\Support\\Facades\\Facade::__callStatic()
#12 /workspace/vendor/laravel/framework/src/Illuminate/Database/Migrations/Migrator.php(517): Illuminate\\Database\\Migrations\\Migration@anonymous->up()
#13 /workspace/vendor/laravel/framework/src/Illuminate/Database/Migrations/Migrator.php(442): Illuminate\\Database\\Migrations\\Migrator->runMethod()
#14 /workspace/vendor/laravel/framework/src/Illuminate/Database/Migrations/Migrator.php(451): Illuminate\\Database\\Migrations\\Migrator->{closure:Illuminate\\Database\\Migrations\\Migrator::runMigration():438}()
#15 /workspace/vendor/laravel/framework/src/Illuminate/Database/Migrations/Migrator.php(253): Illuminate\\Database\\Migrations\\Migrator->runMigration()
#16 /workspace/vendor/laravel/framework/src/Illuminate/Console/View/Components/Task.php(43): Illuminate\\Database\\Migrations\\Migrator->{closure:Illuminate\\Database\\Migrations\\Migrator::runUp():253}()
#17 /workspace/vendor/laravel/framework/src/Illuminate/Database/Migrations/Migrator.php(853): Illuminate\\Console\\View\\Components\\Task->render()
#18 /workspace/vendor/laravel/framework/src/Illuminate/Database/Migrations/Migrator.php(253): Illuminate\\Database\\Migrations\\Migrator->write()
#19 /workspace/vendor/laravel/framework/src/Illuminate/Database/Migrations/Migrator.php(211): Illuminate\\Database\\Migrations\\Migrator->runUp()
#20 /workspace/vendor/laravel/framework/src/Illuminate/Database/Migrations/Migrator.php(138): Illuminate\\Database\\Migrations\\Migrator->runPending()
#21 /workspace/vendor/laravel/framework/src/Illuminate/Database/Console/Migrations/MigrateCommand.php(118): Illuminate\\Database\\Migrations\\Migrator->run()
#22 /workspace/vendor/laravel/framework/src/Illuminate/Database/Migrations/Migrator.php(672): Illuminate\\Database\\Console\\Migrations\\MigrateCommand->{closure:Illuminate\\Database\\Console\\Migrations\\MigrateCommand::runMigrations():111}()
#23 /workspace/vendor/laravel/framework/src/Illuminate/Database/Console/Migrations/MigrateCommand.php(111): Illuminate\\Database\\Migrations\\Migrator->usingConnection()
#24 /workspace/vendor/laravel/framework/src/Illuminate/Database/Console/Migrations/MigrateCommand.php(90): Illuminate\\Database\\Console\\Migrations\\MigrateCommand->runMigrations()
#25 /workspace/vendor/laravel/framework/src/Illuminate/Container/BoundMethod.php(36): Illuminate\\Database\\Console\\Migrations\\MigrateCommand->handle()
#26 /workspace/vendor/laravel/framework/src/Illuminate/Container/Util.php(43): Illuminate\\Container\\BoundMethod::{closure:Illuminate\\Container\\BoundMethod::call():35}()
#27 /workspace/vendor/laravel/framework/src/Illuminate/Container/BoundMethod.php(96): Illuminate\\Container\\Util::unwrapIfClosure()
#28 /workspace/vendor/laravel/framework/src/Illuminate/Container/BoundMethod.php(35): Illuminate\\Container\\BoundMethod::callBoundMethod()
#29 /workspace/vendor/laravel/framework/src/Illuminate/Container/Container.php(803): Illuminate\\Container\\BoundMethod::call()
#30 /workspace/vendor/laravel/framework/src/Illuminate/Console/Command.php(292): Illuminate\\Container\\Container->call()
#31 /workspace/vendor/symfony/console/Command/Command.php(341): Illuminate\\Console\\Command->execute()
#32 /workspace/vendor/laravel/framework/src/Illuminate/Console/Command.php(261): Symfony\\Component\\Console\\Command\\Command->run()
#33 /workspace/vendor/symfony/console/Application.php(1117): Illuminate\\Console\\Command->run()
#34 /workspace/vendor/symfony/console/Application.php(356): Symfony\\Component\\Console\\Application->doRunCommand()
#35 /workspace/vendor/symfony/console/Application.php(195): Symfony\\Component\\Console\\Application->doRun()
#36 /workspace/vendor/laravel/framework/src/Illuminate/Foundation/Console/Kernel.php(198): Symfony\\Component\\Console\\Application->run()
#37 /workspace/artisan(16): Illuminate\\Foundation\\Console\\Kernel->handle()
#38 {main}
"} 
[2026-10-01 18:11:43] local.ERROR: SQLSTATE[42S02]: Base table or view not found: 1146 Table 'nabilet.heatmap_events' doesn't exist (Connection: mysql, Host: 127.0.0.1, Port: 3306, Database: nabilet, SQL: CREATE INDEX IF NOT EXISTS idx_heatmap_page_time ON heatmap_events (page_url(255), occurred_at)) {"exception":"[object] (Illuminate\\Database\\QueryException(code: 42S02): SQLSTATE[42S02]: Base table or view not found: 1146 Table 'nabilet.heatmap_events' doesn't exist (Connection: mysql, Host: 127.0.0.1, Port: 3306, Database: nabilet, SQL: CREATE INDEX IF NOT EXISTS idx_heatmap_page_time ON heatmap_events (page_url(255), occurred_at)) at /workspace/vendor/laravel/framework/src/Illuminate/Database/Connection.php:857)
[stacktrace]
#0 /workspace/vendor/laravel/framework/src/Illuminate/Database/Connection.php(813): Illuminate\\Database\\Connection->runQueryCallback()
#1 /workspace/vendor/laravel/framework/src/Illuminate/Database/Connection.php(590): Illuminate\\Database\\Connection->run()
#2 /workspace/vendor/laravel/framework/src/Illuminate/Database/DatabaseManager.php(502): Illuminate\\Database\\Connection->statement()
#3 /workspace/vendor/laravel/framework/src/Illuminate/Support/Facades/Facade.php(364): Illuminate\\Database\\DatabaseManager->__call()
#4 /workspace/database/migrations/2026_09_20_000700_007_analytics.php(126): Illuminate\\Support\\Facades\\Facade::__callStatic()
#5 /workspace/vendor/laravel/framework/src/Illuminate/Database/Schema/Builder.php(525): Illuminate\\Database\\Migrations\\Migration@anonymous->{closure:Illuminate\\Database\\Migrations\\Migration@anonymous()
#6 /workspace/vendor/laravel/framework/src/Illuminate/Support/helpers.php(393): Illuminate\\Database\\Schema\\Builder->{closure:Illuminate\\Database\\Schema\\Builder::create():522}()
#7 /workspace/vendor/laravel/framework/src/Illuminate/Database/Schema/Builder.php(522): tap()
#8 /workspace/vendor/laravel/framework/src/Illuminate/Support/Facades/Facade.php(364): Illuminate\\Database\\Schema\\Builder->create()
#9 /workspace/database/migrations/2026_09_20_000700_007_analytics.php(106): Illuminate\\Support\\Facades\\Facade::__callStatic()
#10 /workspace/vendor/laravel/framework/src/Illuminate/Database/Migrations/Migrator.php(517): Illuminate\\Database\\Migrations\\Migration@anonymous->up()
#11 /workspace/vendor/laravel/framework/src/Illuminate/Database/Migrations/Migrator.php(442): Illuminate\\Database\\Migrations\\Migrator->runMethod()
#12 /workspace/vendor/laravel/framework/src/Illuminate/Database/Migrations/Migrator.php(451): Illuminate\\Database\\Migrations\\Migrator->{closure:Illuminate\\Database\\Migrations\\Migrator::runMigration():438}()
#13 /workspace/vendor/laravel/framework/src/Illuminate/Database/Migrations/Migrator.php(253): Illuminate\\Database\\Migrations\\Migrator->runMigration()
#14 /workspace/vendor/laravel/framework/src/Illuminate/Console/View/Components/Task.php(43): Illuminate\\Database\\Migrations\\Migrator->{closure:Illuminate\\Database\\Migrations\\Migrator::runUp():253}()
#15 /workspace/vendor/laravel/framework/src/Illuminate/Database/Migrations/Migrator.php(853): Illuminate\\Console\\View\\Components\\Task->render()
#16 /workspace/vendor/laravel/framework/src/Illuminate/Database/Migrations/Migrator.php(253): Illuminate\\Database\\Migrations\\Migrator->write()
#17 /workspace/vendor/laravel/framework/src/Illuminate/Database/Migrations/Migrator.php(211): Illuminate\\Database\\Migrations\\Migrator->runUp()
#18 /workspace/vendor/laravel/framework/src/Illuminate/Database/Migrations/Migrator.php(138): Illuminate\\Database\\Migrations\\Migrator->runPending()
#19 /workspace/vendor/laravel/framework/src/Illuminate/Database/Console/Migrations/MigrateCommand.php(118): Illuminate\\Database\\Migrations\\Migrator->run()
#20 /workspace/vendor/laravel/framework/src/Illuminate/Database/Migrations/Migrator.php(672): Illuminate\\Database\\Console\\Migrations\\MigrateCommand->{closure:Illuminate\\Database\\Console\\Migrations\\MigrateCommand::runMigrations():111}()
#21 /workspace/vendor/laravel/framework/src/Illuminate/Database/Console/Migrations/MigrateCommand.php(111): Illuminate\\Database\\Migrations\\Migrator->usingConnection()
#22 /workspace/vendor/laravel/framework/src/Illuminate/Database/Console/Migrations/MigrateCommand.php(90): Illuminate\\Database\\Console\\Migrations\\MigrateCommand->runMigrations()
#23 /workspace/vendor/laravel/framework/src/Illuminate/Container/BoundMethod.php(36): Illuminate\\Database\\Console\\Migrations\\MigrateCommand->handle()
#24 /workspace/vendor/laravel/framework/src/Illuminate/Container/Util.php(43): Illuminate\\Container\\BoundMethod::{closure:Illuminate\\Container\\BoundMethod::call():35}()
#25 /workspace/vendor/laravel/framework/src/Illuminate/Container/BoundMethod.php(96): Illuminate\\Container\\Util::unwrapIfClosure()
#26 /workspace/vendor/laravel/framework/src/Illuminate/Container/BoundMethod.php(35): Illuminate\\Container\\BoundMethod::callBoundMethod()
#27 /workspace/vendor/laravel/framework/src/Illuminate/Container/Container.php(803): Illuminate\\Container\\BoundMethod::call()
#28 /workspace/vendor/laravel/framework/src/Illuminate/Console/Command.php(292): Illuminate\\Container\\Container->call()
#29 /workspace/vendor/symfony/console/Command/Command.php(341): Illuminate\\Console\\Command->execute()
#30 /workspace/vendor/laravel/framework/src/Illuminate/Console/Command.php(261): Symfony\\Component\\Console\\Command\\Command->run()
#31 /workspace/vendor/laravel/framework/src/Illuminate/Console/Concerns/CallsCommands.php(68): Illuminate\\Console\\Command->run()
#32 /workspace/vendor/laravel/framework/src/Illuminate/Console/Concerns/CallsCommands.php(29): Illuminate\\Console\\Command->runCommand()
#33 /workspace/vendor/laravel/framework/src/Illuminate/Database/Console/Migrations/FreshCommand.php(96): Illuminate\\Console\\Command->call()
#34 /workspace/vendor/laravel/framework/src/Illuminate/Container/BoundMethod.php(36): Illuminate\\Database\\Console\\Migrations\\FreshCommand->handle()
#35 /workspace/vendor/laravel/framework/src/Illuminate/Container/Util.php(43): Illuminate\\Container\\BoundMethod::{closure:Illuminate\\Container\\BoundMethod::call():35}()
#36 /workspace/vendor/laravel/framework/src/Illuminate/Container/BoundMethod.php(96): Illuminate\\Container\\Util::unwrapIfClosure()
#37 /workspace/vendor/laravel/framework/src/Illuminate/Container/BoundMethod.php(35): Illuminate\\Container\\BoundMethod::callBoundMethod()
#38 /workspace/vendor/laravel/framework/src/Illuminate/Container/Container.php(803): Illuminate\\Container\\BoundMethod::call()
#39 /workspace/vendor/laravel/framework/src/Illuminate/Console/Command.php(292): Illuminate\\Container\\Container->call()
#40 /workspace/vendor/symfony/console/Command/Command.php(341): Illuminate\\Console\\Command->execute()
#41 /workspace/vendor/laravel/framework/src/Illuminate/Console/Command.php(261): Symfony\\Component\\Console\\Command\\Command->run()
#42 /workspace/vendor/symfony/console/Application.php(1117): Illuminate\\Console\\Command->run()
#43 /workspace/vendor/symfony/console/Application.php(356): Symfony\\Component\\Console\\Application->doRunCommand()
#44 /workspace/vendor/symfony/console/Application.php(195): Symfony\\Component\\Console\\Application->doRun()
#45 /workspace/vendor/laravel/framework/src/Illuminate/Foundation/Console/Kernel.php(198): Symfony\\Component\\Console\\Application->run()
#46 /workspace/artisan(16): Illuminate\\Foundation\\Console\\Kernel->handle()
#47 {main}

[previous exception] [object] (PDOException(code: 42S02): SQLSTATE[42S02]: Base table or view not found: 1146 Table 'nabilet.heatmap_events' doesn't exist at /workspace/vendor/laravel/framework/src/Illuminate/Database/Connection.php:601)
[stacktrace]
#0 /workspace/vendor/laravel/framework/src/Illuminate/Database/Connection.php(601): PDOStatement->execute()
#1 /workspace/vendor/laravel/framework/src/Illuminate/Database/Connection.php(846): Illuminate\\Database\\Connection->{closure:Illuminate\\Database\\Connection::statement():590}()
#2 /workspace/vendor/laravel/framework/src/Illuminate/Database/Connection.php(813): Illuminate\\Database\\Connection->runQueryCallback()
#3 /workspace/vendor/laravel/framework/src/Illuminate/Database/Connection.php(590): Illuminate\\Database\\Connection->run()
#4 /workspace/vendor/laravel/framework/src/Illuminate/Database/DatabaseManager.php(502): Illuminate\\Database\\Connection->statement()
#5 /workspace/vendor/laravel/framework/src/Illuminate/Support/Facades/Facade.php(364): Illuminate\\Database\\DatabaseManager->__call()
#6 /workspace/database/migrations/2026_09_20_000700_007_analytics.php(126): Illuminate\\Support\\Facades\\Facade::__callStatic()
#7 /workspace/vendor/laravel/framework/src/Illuminate/Database/Schema/Builder.php(525): Illuminate\\Database\\Migrations\\Migration@anonymous->{closure:Illuminate\\Database\\Migrations\\Migration@anonymous()
#8 /workspace/vendor/laravel/framework/src/Illuminate/Support/helpers.php(393): Illuminate\\Database\\Schema\\Builder->{closure:Illuminate\\Database\\Schema\\Builder::create():522}()
#9 /workspace/vendor/laravel/framework/src/Illuminate/Database/Schema/Builder.php(522): tap()
#10 /workspace/vendor/laravel/framework/src/Illuminate/Support/Facades/Facade.php(364): Illuminate\\Database\\Schema\\Builder->create()
#11 /workspace/database/migrations/2026_09_20_000700_007_analytics.php(106): Illuminate\\Support\\Facades\\Facade::__callStatic()
#12 /workspace/vendor/laravel/framework/src/Illuminate/Database/Migrations/Migrator.php(517): Illuminate\\Database\\Migrations\\Migration@anonymous->up()
#13 /workspace/vendor/laravel/framework/src/Illuminate/Database/Migrations/Migrator.php(442): Illuminate\\Database\\Migrations\\Migrator->runMethod()
#14 /workspace/vendor/laravel/framework/src/Illuminate/Database/Migrations/Migrator.php(451): Illuminate\\Database\\Migrations\\Migrator->{closure:Illuminate\\Database\\Migrations\\Migrator::runMigration():438}()
#15 /workspace/vendor/laravel/framework/src/Illuminate/Database/Migrations/Migrator.php(253): Illuminate\\Database\\Migrations\\Migrator->runMigration()
#16 /workspace/vendor/laravel/framework/src/Illuminate/Console/View/Components/Task.php(43): Illuminate\\Database\\Migrations\\Migrator->{closure:Illuminate\\Database\\Migrations\\Migrator::runUp():253}()
#17 /workspace/vendor/laravel/framework/src/Illuminate/Database/Migrations/Migrator.php(853): Illuminate\\Console\\View\\Components\\Task->render()
#18 /workspace/vendor/laravel/framework/src/Illuminate/Database/Migrations/Migrator.php(253): Illuminate\\Database\\Migrations\\Migrator->write()
#19 /workspace/vendor/laravel/framework/src/Illuminate/Database/Migrations/Migrator.php(211): Illuminate\\Database\\Migrations\\Migrator->runUp()
#20 /workspace/vendor/laravel/framework/src/Illuminate/Database/Migrations/Migrator.php(138): Illuminate\\Database\\Migrations\\Migrator->runPending()
#21 /workspace/vendor/laravel/framework/src/Illuminate/Database/Console/Migrations/MigrateCommand.php(118): Illuminate\\Database\\Migrations\\Migrator->run()
#22 /workspace/vendor/laravel/framework/src/Illuminate/Database/Migrations/Migrator.php(672): Illuminate\\Database\\Console\\Migrations\\MigrateCommand->{closure:Illuminate\\Database\\Console\\Migrations\\MigrateCommand::runMigrations():111}()
#23 /workspace/vendor/laravel/framework/src/Illuminate/Database/Console/Migrations/MigrateCommand.php(111): Illuminate\\Database\\Migrations\\Migrator->usingConnection()
#24 /workspace/vendor/laravel/framework/src/Illuminate/Database/Console/Migrations/MigrateCommand.php(90): Illuminate\\Database\\Console\\Migrations\\MigrateCommand->runMigrations()
#25 /workspace/vendor/laravel/framework/src/Illuminate/Container/BoundMethod.php(36): Illuminate\\Database\\Console\\Migrations\\MigrateCommand->handle()
#26 /workspace/vendor/laravel/framework/src/Illuminate/Container/Util.php(43): Illuminate\\Container\\BoundMethod::{closure:Illuminate\\Container\\BoundMethod::call():35}()
#27 /workspace/vendor/laravel/framework/src/Illuminate/Container/BoundMethod.php(96): Illuminate\\Container\\Util::unwrapIfClosure()
#28 /workspace/vendor/laravel/framework/src/Illuminate/Container/BoundMethod.php(35): Illuminate\\Container\\BoundMethod::callBoundMethod()
#29 /workspace/vendor/laravel/framework/src/Illuminate/Container/Container.php(803): Illuminate\\Container\\BoundMethod::call()
#30 /workspace/vendor/laravel/framework/src/Illuminate/Console/Command.php(292): Illuminate\\Container\\Container->call()
#31 /workspace/vendor/symfony/console/Command/Command.php(341): Illuminate\\Console\\Command->execute()
#32 /workspace/vendor/laravel/framework/src/Illuminate/Console/Command.php(261): Symfony\\Component\\Console\\Command\\Command->run()
#33 /workspace/vendor/laravel/framework/src/Illuminate/Console/Concerns/CallsCommands.php(68): Illuminate\\Console\\Command->run()
#34 /workspace/vendor/laravel/framework/src/Illuminate/Console/Concerns/CallsCommands.php(29): Illuminate\\Console\\Command->runCommand()
#35 /workspace/vendor/laravel/framework/src/Illuminate/Database/Console/Migrations/FreshCommand.php(96): Illuminate\\Console\\Command->call()
#36 /workspace/vendor/laravel/framework/src/Illuminate/Container/BoundMethod.php(36): Illuminate\\Database\\Console\\Migrations\\FreshCommand->handle()
#37 /workspace/vendor/laravel/framework/src/Illuminate/Container/Util.php(43): Illuminate\\Container\\BoundMethod::{closure:Illuminate\\Container\\BoundMethod::call():35}()
#38 /workspace/vendor/laravel/framework/src/Illuminate/Container/BoundMethod.php(96): Illuminate\\Container\\Util::unwrapIfClosure()
#39 /workspace/vendor/laravel/framework/src/Illuminate/Container/BoundMethod.php(35): Illuminate\\Container\\BoundMethod::callBoundMethod()
#40 /workspace/vendor/laravel/framework/src/Illuminate/Container/Container.php(803): Illuminate\\Container\\BoundMethod::call()
#41 /workspace/vendor/laravel/framework/src/Illuminate/Console/Command.php(292): Illuminate\\Container\\Container->call()
#42 /workspace/vendor/symfony/console/Command/Command.php(341): Illuminate\\Console\\Command->execute()
#43 /workspace/vendor/laravel/framework/src/Illuminate/Console/Command.php(261): Symfony\\Component\\Console\\Command\\Command->run()
#44 /workspace/vendor/symfony/console/Application.php(1117): Illuminate\\Console\\Command->run()
#45 /workspace/vendor/symfony/console/Application.php(356): Symfony\\Component\\Console\\Application->doRunCommand()
#46 /workspace/vendor/symfony/console/Application.php(195): Symfony\\Component\\Console\\Application->doRun()
#47 /workspace/vendor/laravel/framework/src/Illuminate/Foundation/Console/Kernel.php(198): Symfony\\Component\\Console\\Application->run()
#48 /workspace/artisan(16): Illuminate\\Foundation\\Console\\Kernel->handle()
#49 {main}
"} 
[2026-10-01 18:11:43] local.ERROR: SQLSTATE[42S02]: Base table or view not found: 1146 Table 'nabilet.heatmap_events' doesn't exist (Connection: mysql, Host: 127.0.0.1, Port: 3306, Database: nabilet, SQL: CREATE INDEX IF NOT EXISTS idx_heatmap_page_time ON heatmap_events (page_url(255), occurred_at)) {"exception":"[object] (Illuminate\\Database\\QueryException(code: 42S02): SQLSTATE[42S02]: Base table or view not found: 1146 Table 'nabilet.heatmap_events' doesn't exist (Connection: mysql, Host: 127.0.0.1, Port: 3306, Database: nabilet, SQL: CREATE INDEX IF NOT EXISTS idx_heatmap_page_time ON heatmap_events (page_url(255), occurred_at)) at /workspace/vendor/laravel/framework/src/Illuminate/Database/Connection.php:857)
[stacktrace]
#0 /workspace/vendor/laravel/framework/src/Illuminate/Database/Connection.php(813): Illuminate\\Database\\Connection->runQueryCallback()
#1 /workspace/vendor/laravel/framework/src/Illuminate/Database/Connection.php(590): Illuminate\\Database\\Connection->run()
#2 /workspace/vendor/laravel/framework/src/Illuminate/Database/DatabaseManager.php(502): Illuminate\\Database\\Connection->statement()
#3 /workspace/vendor/laravel/framework/src/Illuminate/Support/Facades/Facade.php(364): Illuminate\\Database\\DatabaseManager->__call()
#4 /workspace/database/migrations/2026_09_20_000700_007_analytics.php(126): Illuminate\\Support\\Facades\\Facade::__callStatic()
#5 /workspace/vendor/laravel/framework/src/Illuminate/Database/Schema/Builder.php(525): Illuminate\\Database\\Migrations\\Migration@anonymous->{closure:Illuminate\\Database\\Migrations\\Migration@anonymous()
#6 /workspace/vendor/laravel/framework/src/Illuminate/Support/helpers.php(393): Illuminate\\Database\\Schema\\Builder->{closure:Illuminate\\Database\\Schema\\Builder::create():522}()
#7 /workspace/vendor/laravel/framework/src/Illuminate/Database/Schema/Builder.php(522): tap()
#8 /workspace/vendor/laravel/framework/src/Illuminate/Support/Facades/Facade.php(364): Illuminate\\Database\\Schema\\Builder->create()
#9 /workspace/database/migrations/2026_09_20_000700_007_analytics.php(106): Illuminate\\Support\\Facades\\Facade::__callStatic()
#10 /workspace/vendor/laravel/framework/src/Illuminate/Database/Migrations/Migrator.php(517): Illuminate\\Database\\Migrations\\Migration@anonymous->up()
#11 /workspace/vendor/laravel/framework/src/Illuminate/Database/Migrations/Migrator.php(442): Illuminate\\Database\\Migrations\\Migrator->runMethod()
#12 /workspace/vendor/laravel/framework/src/Illuminate/Database/Migrations/Migrator.php(451): Illuminate\\Database\\Migrations\\Migrator->{closure:Illuminate\\Database\\Migrations\\Migrator::runMigration():438}()
#13 /workspace/vendor/laravel/framework/src/Illuminate/Database/Migrations/Migrator.php(253): Illuminate\\Database\\Migrations\\Migrator->runMigration()
#14 /workspace/vendor/laravel/framework/src/Illuminate/Console/View/Components/Task.php(43): Illuminate\\Database\\Migrations\\Migrator->{closure:Illuminate\\Database\\Migrations\\Migrator::runUp():253}()
#15 /workspace/vendor/laravel/framework/src/Illuminate/Database/Migrations/Migrator.php(853): Illuminate\\Console\\View\\Components\\Task->render()
#16 /workspace/vendor/laravel/framework/src/Illuminate/Database/Migrations/Migrator.php(253): Illuminate\\Database\\Migrations\\Migrator->write()
#17 /workspace/vendor/laravel/framework/src/Illuminate/Database/Migrations/Migrator.php(211): Illuminate\\Database\\Migrations\\Migrator->runUp()
#18 /workspace/vendor/laravel/framework/src/Illuminate/Database/Migrations/Migrator.php(138): Illuminate\\Database\\Migrations\\Migrator->runPending()
#19 /workspace/vendor/laravel/framework/src/Illuminate/Database/Console/Migrations/MigrateCommand.php(118): Illuminate\\Database\\Migrations\\Migrator->run()
#20 /workspace/vendor/laravel/framework/src/Illuminate/Database/Migrations/Migrator.php(672): Illuminate\\Database\\Console\\Migrations\\MigrateCommand->{closure:Illuminate\\Database\\Console\\Migrations\\MigrateCommand::runMigrations():111}()
#21 /workspace/vendor/laravel/framework/src/Illuminate/Database/Console/Migrations/MigrateCommand.php(111): Illuminate\\Database\\Migrations\\Migrator->usingConnection()
#22 /workspace/vendor/laravel/framework/src/Illuminate/Database/Console/Migrations/MigrateCommand.php(90): Illuminate\\Database\\Console\\Migrations\\MigrateCommand->runMigrations()
#23 /workspace/vendor/laravel/framework/src/Illuminate/Container/BoundMethod.php(36): Illuminate\\Database\\Console\\Migrations\\MigrateCommand->handle()
#24 /workspace/vendor/laravel/framework/src/Illuminate/Container/Util.php(43): Illuminate\\Container\\BoundMethod::{closure:Illuminate\\Container\\BoundMethod::call():35}()
#25 /workspace/vendor/laravel/framework/src/Illuminate/Container/BoundMethod.php(96): Illuminate\\Container\\Util::unwrapIfClosure()
#26 /workspace/vendor/laravel/framework/src/Illuminate/Container/BoundMethod.php(35): Illuminate\\Container\\BoundMethod::callBoundMethod()
#27 /workspace/vendor/laravel/framework/src/Illuminate/Container/Container.php(803): Illuminate\\Container\\BoundMethod::call()
#28 /workspace/vendor/laravel/framework/src/Illuminate/Console/Command.php(292): Illuminate\\Container\\Container->call()
#29 /workspace/vendor/symfony/console/Command/Command.php(341): Illuminate\\Console\\Command->execute()
#30 /workspace/vendor/laravel/framework/src/Illuminate/Console/Command.php(261): Symfony\\Component\\Console\\Command\\Command->run()
#31 /workspace/vendor/laravel/framework/src/Illuminate/Console/Concerns/CallsCommands.php(68): Illuminate\\Console\\Command->run()
#32 /workspace/vendor/laravel/framework/src/Illuminate/Console/Concerns/CallsCommands.php(29): Illuminate\\Console\\Command->runCommand()
#33 /workspace/vendor/laravel/framework/src/Illuminate/Database/Console/Migrations/FreshCommand.php(96): Illuminate\\Console\\Command->call()
#34 /workspace/vendor/laravel/framework/src/Illuminate/Container/BoundMethod.php(36): Illuminate\\Database\\Console\\Migrations\\FreshCommand->handle()
#35 /workspace/vendor/laravel/framework/src/Illuminate/Container/Util.php(43): Illuminate\\Container\\BoundMethod::{closure:Illuminate\\Container\\BoundMethod::call():35}()
#36 /workspace/vendor/laravel/framework/src/Illuminate/Container/BoundMethod.php(96): Illuminate\\Container\\Util::unwrapIfClosure()
#37 /workspace/vendor/laravel/framework/src/Illuminate/Container/BoundMethod.php(35): Illuminate\\Container\\BoundMethod::callBoundMethod()
#38 /workspace/vendor/laravel/framework/src/Illuminate/Container/Container.php(803): Illuminate\\Container\\BoundMethod::call()
#39 /workspace/vendor/laravel/framework/src/Illuminate/Console/Command.php(292): Illuminate\\Container\\Container->call()
#40 /workspace/vendor/symfony/console/Command/Command.php(341): Illuminate\\Console\\Command->execute()
#41 /workspace/vendor/laravel/framework/src/Illuminate/Console/Command.php(261): Symfony\\Component\\Console\\Command\\Command->run()
#42 /workspace/vendor/symfony/console/Application.php(1117): Illuminate\\Console\\Command->run()
#43 /workspace/vendor/symfony/console/Application.php(356): Symfony\\Component\\Console\\Application->doRunCommand()
#44 /workspace/vendor/symfony/console/Application.php(195): Symfony\\Component\\Console\\Application->doRun()
#45 /workspace/vendor/laravel/framework/src/Illuminate/Foundation/Console/Kernel.php(198): Symfony\\Component\\Console\\Application->run()
#46 /workspace/artisan(16): Illuminate\\Foundation\\Console\\Kernel->handle()
#47 {main}

[previous exception] [object] (PDOException(code: 42S02): SQLSTATE[42S02]: Base table or view not found: 1146 Table 'nabilet.heatmap_events' doesn't exist at /workspace/vendor/laravel/framework/src/Illuminate/Database/Connection.php:601)
[stacktrace]
#0 /workspace/vendor/laravel/framework/src/Illuminate/Database/Connection.php(601): PDOStatement->execute()
#1 /workspace/vendor/laravel/framework/src/Illuminate/Database/Connection.php(846): Illuminate\\Database\\Connection->{closure:Illuminate\\Database\\Connection::statement():590}()
#2 /workspace/vendor/laravel/framework/src/Illuminate/Database/Connection.php(813): Illuminate\\Database\\Connection->runQueryCallback()
#3 /workspace/vendor/laravel/framework/src/Illuminate/Database/Connection.php(590): Illuminate\\Database\\Connection->run()
#4 /workspace/vendor/laravel/framework/src/Illuminate/Database/DatabaseManager.php(502): Illuminate\\Database\\Connection->statement()
#5 /workspace/vendor/laravel/framework/src/Illuminate/Support/Facades/Facade.php(364): Illuminate\\Database\\DatabaseManager->__call()
#6 /workspace/database/migrations/2026_09_20_000700_007_analytics.php(126): Illuminate\\Support\\Facades\\Facade::__callStatic()
#7 /workspace/vendor/laravel/framework/src/Illuminate/Database/Schema/Builder.php(525): Illuminate\\Database\\Migrations\\Migration@anonymous->{closure:Illuminate\\Database\\Migrations\\Migration@anonymous()
#8 /workspace/vendor/laravel/framework/src/Illuminate/Support/helpers.php(393): Illuminate\\Database\\Schema\\Builder->{closure:Illuminate\\Database\\Schema\\Builder::create():522}()
#9 /workspace/vendor/laravel/framework/src/Illuminate/Database/Schema/Builder.php(522): tap()
#10 /workspace/vendor/laravel/framework/src/Illuminate/Support/Facades/Facade.php(364): Illuminate\\Database\\Schema\\Builder->create()
#11 /workspace/database/migrations/2026_09_20_000700_007_analytics.php(106): Illuminate\\Support\\Facades\\Facade::__callStatic()
#12 /workspace/vendor/laravel/framework/src/Illuminate/Database/Migrations/Migrator.php(517): Illuminate\\Database\\Migrations\\Migration@anonymous->up()
#13 /workspace/vendor/laravel/framework/src/Illuminate/Database/Migrations/Migrator.php(442): Illuminate\\Database\\Migrations\\Migrator->runMethod()
#14 /workspace/vendor/laravel/framework/src/Illuminate/Database/Migrations/Migrator.php(451): Illuminate\\Database\\Migrations\\Migrator->{closure:Illuminate\\Database\\Migrations\\Migrator::runMigration():438}()
#15 /workspace/vendor/laravel/framework/src/Illuminate/Database/Migrations/Migrator.php(253): Illuminate\\Database\\Migrations\\Migrator->runMigration()
#16 /workspace/vendor/laravel/framework/src/Illuminate/Console/View/Components/Task.php(43): Illuminate\\Database\\Migrations\\Migrator->{closure:Illuminate\\Database\\Migrations\\Migrator::runUp():253}()
#17 /workspace/vendor/laravel/framework/src/Illuminate/Database/Migrations/Migrator.php(853): Illuminate\\Console\\View\\Components\\Task->render()
#18 /workspace/vendor/laravel/framework/src/Illuminate/Database/Migrations/Migrator.php(253): Illuminate\\Database\\Migrations\\Migrator->write()
#19 /workspace/vendor/laravel/framework/src/Illuminate/Database/Migrations/Migrator.php(211): Illuminate\\Database\\Migrations\\Migrator->runUp()
#20 /workspace/vendor/laravel/framework/src/Illuminate/Database/Migrations/Migrator.php(138): Illuminate\\Database\\Migrations\\Migrator->runPending()
#21 /workspace/vendor/laravel/framework/src/Illuminate/Database/Console/Migrations/MigrateCommand.php(118): Illuminate\\Database\\Migrations\\Migrator->run()
#22 /workspace/vendor/laravel/framework/src/Illuminate/Database/Migrations/Migrator.php(672): Illuminate\\Database\\Console\\Migrations\\MigrateCommand->{closure:Illuminate\\Database\\Console\\Migrations\\MigrateCommand::runMigrations():111}()
#23 /workspace/vendor/laravel/framework/src/Illuminate/Database/Console/Migrations/MigrateCommand.php(111): Illuminate\\Database\\Migrations\\Migrator->usingConnection()
#24 /workspace/vendor/laravel/framework/src/Illuminate/Database/Console/Migrations/MigrateCommand.php(90): Illuminate\\Database\\Console\\Migrations\\MigrateCommand->runMigrations()
#25 /workspace/vendor/laravel/framework/src/Illuminate/Container/BoundMethod.php(36): Illuminate\\Database\\Console\\Migrations\\MigrateCommand->handle()
#26 /workspace/vendor/laravel/framework/src/Illuminate/Container/Util.php(43): Illuminate\\Container\\BoundMethod::{closure:Illuminate\\Container\\BoundMethod::call():35}()
#27 /workspace/vendor/laravel/framework/src/Illuminate/Container/BoundMethod.php(96): Illuminate\\Container\\Util::unwrapIfClosure()
#28 /workspace/vendor/laravel/framework/src/Illuminate/Container/BoundMethod.php(35): Illuminate\\Container\\BoundMethod::callBoundMethod()
#29 /workspace/vendor/laravel/framework/src/Illuminate/Container/Container.php(803): Illuminate\\Container\\BoundMethod::call()
#30 /workspace/vendor/laravel/framework/src/Illuminate/Console/Command.php(292): Illuminate\\Container\\Container->call()
#31 /workspace/vendor/symfony/console/Command/Command.php(341): Illuminate\\Console\\Command->execute()
#32 /workspace/vendor/laravel/framework/src/Illuminate/Console/Command.php(261): Symfony\\Component\\Console\\Command\\Command->run()
#33 /workspace/vendor/laravel/framework/src/Illuminate/Console/Concerns/CallsCommands.php(68): Illuminate\\Console\\Command->run()
#34 /workspace/vendor/laravel/framework/src/Illuminate/Console/Concerns/CallsCommands.php(29): Illuminate\\Console\\Command->runCommand()
#35 /workspace/vendor/laravel/framework/src/Illuminate/Database/Console/Migrations/FreshCommand.php(96): Illuminate\\Console\\Command->call()
#36 /workspace/vendor/laravel/framework/src/Illuminate/Container/BoundMethod.php(36): Illuminate\\Database\\Console\\Migrations\\FreshCommand->handle()
#37 /workspace/vendor/laravel/framework/src/Illuminate/Container/Util.php(43): Illuminate\\Container\\BoundMethod::{closure:Illuminate\\Container\\BoundMethod::call():35}()
#38 /workspace/vendor/laravel/framework/src/Illuminate/Container/BoundMethod.php(96): Illuminate\\Container\\Util::unwrapIfClosure()
#39 /workspace/vendor/laravel/framework/src/Illuminate/Container/BoundMethod.php(35): Illuminate\\Container\\BoundMethod::callBoundMethod()
#40 /workspace/vendor/laravel/framework/src/Illuminate/Container/Container.php(803): Illuminate\\Container\\BoundMethod::call()
#41 /workspace/vendor/laravel/framework/src/Illuminate/Console/Command.php(292): Illuminate\\Container\\Container->call()
#42 /workspace/vendor/symfony/console/Command/Command.php(341): Illuminate\\Console\\Command->execute()
#43 /workspace/vendor/laravel/framework/src/Illuminate/Console/Command.php(261): Symfony\\Component\\Console\\Command\\Command->run()
#44 /workspace/vendor/symfony/console/Application.php(1117): Illuminate\\Console\\Command->run()
#45 /workspace/vendor/symfony/console/Application.php(356): Symfony\\Component\\Console\\Application->doRunCommand()
#46 /workspace/vendor/symfony/console/Application.php(195): Symfony\\Component\\Console\\Application->doRun()
#47 /workspace/vendor/laravel/framework/src/Illuminate/Foundation/Console/Kernel.php(198): Symfony\\Component\\Console\\Application->run()
#48 /workspace/artisan(16): Illuminate\\Foundation\\Console\\Kernel->handle()
#49 {main}
"} 
[2026-10-01 18:11:44] local.ERROR: SQLSTATE[42S02]: Base table or view not found: 1146 Table 'nabilet.heatmap_events' doesn't exist (Connection: mysql, Host: 127.0.0.1, Port: 3306, Database: nabilet, SQL: CREATE INDEX IF NOT EXISTS idx_heatmap_page_time ON heatmap_events (page_url(255), occurred_at)) {"exception":"[object] (Illuminate\\Database\\QueryException(code: 42S02): SQLSTATE[42S02]: Base table or view not found: 1146 Table 'nabilet.heatmap_events' doesn't exist (Connection: mysql, Host: 127.0.0.1, Port: 3306, Database: nabilet, SQL: CREATE INDEX IF NOT EXISTS idx_heatmap_page_time ON heatmap_events (page_url(255), occurred_at)) at /workspace/vendor/laravel/framework/src/Illuminate/Database/Connection.php:857)
[stacktrace]
#0 /workspace/vendor/laravel/framework/src/Illuminate/Database/Connection.php(813): Illuminate\\Database\\Connection->runQueryCallback()
#1 /workspace/vendor/laravel/framework/src/Illuminate/Database/Connection.php(590): Illuminate\\Database\\Connection->run()
#2 /workspace/vendor/laravel/framework/src/Illuminate/Database/DatabaseManager.php(502): Illuminate\\Database\\Connection->statement()
#3 /workspace/vendor/laravel/framework/src/Illuminate/Support/Facades/Facade.php(364): Illuminate\\Database\\DatabaseManager->__call()
#4 /workspace/database/migrations/2026_09_20_000700_007_analytics.php(126): Illuminate\\Support\\Facades\\Facade::__callStatic()
#5 /workspace/vendor/laravel/framework/src/Illuminate/Database/Schema/Builder.php(525): Illuminate\\Database\\Migrations\\Migration@anonymous->{closure:Illuminate\\Database\\Migrations\\Migration@anonymous()
#6 /workspace/vendor/laravel/framework/src/Illuminate/Support/helpers.php(393): Illuminate\\Database\\Schema\\Builder->{closure:Illuminate\\Database\\Schema\\Builder::create():522}()
#7 /workspace/vendor/laravel/framework/src/Illuminate/Database/Schema/Builder.php(522): tap()
#8 /workspace/vendor/laravel/framework/src/Illuminate/Support/Facades/Facade.php(364): Illuminate\\Database\\Schema\\Builder->create()
#9 /workspace/database/migrations/2026_09_20_000700_007_analytics.php(106): Illuminate\\Support\\Facades\\Facade::__callStatic()
#10 /workspace/vendor/laravel/framework/src/Illuminate/Database/Migrations/Migrator.php(517): Illuminate\\Database\\Migrations\\Migration@anonymous->up()
#11 /workspace/vendor/laravel/framework/src/Illuminate/Database/Migrations/Migrator.php(442): Illuminate\\Database\\Migrations\\Migrator->runMethod()
#12 /workspace/vendor/laravel/framework/src/Illuminate/Database/Migrations/Migrator.php(451): Illuminate\\Database\\Migrations\\Migrator->{closure:Illuminate\\Database\\Migrations\\Migrator::runMigration():438}()
#13 /workspace/vendor/laravel/framework/src/Illuminate/Database/Migrations/Migrator.php(253): Illuminate\\Database\\Migrations\\Migrator->runMigration()
#14 /workspace/vendor/laravel/framework/src/Illuminate/Console/View/Components/Task.php(43): Illuminate\\Database\\Migrations\\Migrator->{closure:Illuminate\\Database\\Migrations\\Migrator::runUp():253}()
#15 /workspace/vendor/laravel/framework/src/Illuminate/Database/Migrations/Migrator.php(853): Illuminate\\Console\\View\\Components\\Task->render()
#16 /workspace/vendor/laravel/framework/src/Illuminate/Database/Migrations/Migrator.php(253): Illuminate\\Database\\Migrations\\Migrator->write()
#17 /workspace/vendor/laravel/framework/src/Illuminate/Database/Migrations/Migrator.php(211): Illuminate\\Database\\Migrations\\Migrator->runUp()
#18 /workspace/vendor/laravel/framework/src/Illuminate/Database/Migrations/Migrator.php(138): Illuminate\\Database\\Migrations\\Migrator->runPending()
#19 /workspace/vendor/laravel/framework/src/Illuminate/Database/Console/Migrations/MigrateCommand.php(118): Illuminate\\Database\\Migrations\\Migrator->run()
#20 /workspace/vendor/laravel/framework/src/Illuminate/Database/Migrations/Migrator.php(672): Illuminate\\Database\\Console\\Migrations\\MigrateCommand->{closure:Illuminate\\Database\\Console\\Migrations\\MigrateCommand::runMigrations():111}()
#21 /workspace/vendor/laravel/framework/src/Illuminate/Database/Console/Migrations/MigrateCommand.php(111): Illuminate\\Database\\Migrations\\Migrator->usingConnection()
#22 /workspace/vendor/laravel/framework/src/Illuminate/Database/Console/Migrations/MigrateCommand.php(90): Illuminate\\Database\\Console\\Migrations\\MigrateCommand->runMigrations()
#23 /workspace/vendor/laravel/framework/src/Illuminate/Container/BoundMethod.php(36): Illuminate\\Database\\Console\\Migrations\\MigrateCommand->handle()
#24 /workspace/vendor/laravel/framework/src/Illuminate/Container/Util.php(43): Illuminate\\Container\\BoundMethod::{closure:Illuminate\\Container\\BoundMethod::call():35}()
#25 /workspace/vendor/laravel/framework/src/Illuminate/Container/BoundMethod.php(96): Illuminate\\Container\\Util::unwrapIfClosure()
#26 /workspace/vendor/laravel/framework/src/Illuminate/Container/BoundMethod.php(35): Illuminate\\Container\\BoundMethod::callBoundMethod()
#27 /workspace/vendor/laravel/framework/src/Illuminate/Container/Container.php(803): Illuminate\\Container\\BoundMethod::call()
#28 /workspace/vendor/laravel/framework/src/Illuminate/Console/Command.php(292): Illuminate\\Container\\Container->call()
#29 /workspace/vendor/symfony/console/Command/Command.php(341): Illuminate\\Console\\Command->execute()
#30 /workspace/vendor/laravel/framework/src/Illuminate/Console/Command.php(261): Symfony\\Component\\Console\\Command\\Command->run()
#31 /workspace/vendor/symfony/console/Application.php(1117): Illuminate\\Console\\Command->run()
#32 /workspace/vendor/symfony/console/Application.php(356): Symfony\\Component\\Console\\Application->doRunCommand()
#33 /workspace/vendor/symfony/console/Application.php(195): Symfony\\Component\\Console\\Application->doRun()
#34 /workspace/vendor/laravel/framework/src/Illuminate/Foundation/Console/Kernel.php(198): Symfony\\Component\\Console\\Application->run()
#35 /workspace/artisan(16): Illuminate\\Foundation\\Console\\Kernel->handle()
#36 {main}

[previous exception] [object] (PDOException(code: 42S02): SQLSTATE[42S02]: Base table or view not found: 1146 Table 'nabilet.heatmap_events' doesn't exist at /workspace/vendor/laravel/framework/src/Illuminate/Database/Connection.php:601)
[stacktrace]
#0 /workspace/vendor/laravel/framework/src/Illuminate/Database/Connection.php(601): PDOStatement->execute()
#1 /workspace/vendor/laravel/framework/src/Illuminate/Database/Connection.php(846): Illuminate\\Database\\Connection->{closure:Illuminate\\Database\\Connection::statement():590}()
#2 /workspace/vendor/laravel/framework/src/Illuminate/Database/Connection.php(813): Illuminate\\Database\\Connection->runQueryCallback()
#3 /workspace/vendor/laravel/framework/src/Illuminate/Database/Connection.php(590): Illuminate\\Database\\Connection->run()
#4 /workspace/vendor/laravel/framework/src/Illuminate/Database/DatabaseManager.php(502): Illuminate\\Database\\Connection->statement()
#5 /workspace/vendor/laravel/framework/src/Illuminate/Support/Facades/Facade.php(364): Illuminate\\Database\\DatabaseManager->__call()
#6 /workspace/database/migrations/2026_09_20_000700_007_analytics.php(126): Illuminate\\Support\\Facades\\Facade::__callStatic()
#7 /workspace/vendor/laravel/framework/src/Illuminate/Database/Schema/Builder.php(525): Illuminate\\Database\\Migrations\\Migration@anonymous->{closure:Illuminate\\Database\\Migrations\\Migration@anonymous()
#8 /workspace/vendor/laravel/framework/src/Illuminate/Support/helpers.php(393): Illuminate\\Database\\Schema\\Builder->{closure:Illuminate\\Database\\Schema\\Builder::create():522}()
#9 /workspace/vendor/laravel/framework/src/Illuminate/Database/Schema/Builder.php(522): tap()
#10 /workspace/vendor/laravel/framework/src/Illuminate/Support/Facades/Facade.php(364): Illuminate\\Database\\Schema\\Builder->create()
#11 /workspace/database/migrations/2026_09_20_000700_007_analytics.php(106): Illuminate\\Support\\Facades\\Facade::__callStatic()
#12 /workspace/vendor/laravel/framework/src/Illuminate/Database/Migrations/Migrator.php(517): Illuminate\\Database\\Migrations\\Migration@anonymous->up()
#13 /workspace/vendor/laravel/framework/src/Illuminate/Database/Migrations/Migrator.php(442): Illuminate\\Database\\Migrations\\Migrator->runMethod()
#14 /workspace/vendor/laravel/framework/src/Illuminate/Database/Migrations/Migrator.php(451): Illuminate\\Database\\Migrations\\Migrator->{closure:Illuminate\\Database\\Migrations\\Migrator::runMigration():438}()
#15 /workspace/vendor/laravel/framework/src/Illuminate/Database/Migrations/Migrator.php(253): Illuminate\\Database\\Migrations\\Migrator->runMigration()
#16 /workspace/vendor/laravel/framework/src/Illuminate/Console/View/Components/Task.php(43): Illuminate\\Database\\Migrations\\Migrator->{closure:Illuminate\\Database\\Migrations\\Migrator::runUp():253}()
#17 /workspace/vendor/laravel/framework/src/Illuminate/Database/Migrations/Migrator.php(853): Illuminate\\Console\\View\\Components\\Task->render()
#18 /workspace/vendor/laravel/framework/src/Illuminate/Database/Migrations/Migrator.php(253): Illuminate\\Database\\Migrations\\Migrator->write()
#19 /workspace/vendor/laravel/framework/src/Illuminate/Database/Migrations/Migrator.php(211): Illuminate\\Database\\Migrations\\Migrator->runUp()
#20 /workspace/vendor/laravel/framework/src/Illuminate/Database/Migrations/Migrator.php(138): Illuminate\\Database\\Migrations\\Migrator->runPending()
#21 /workspace/vendor/laravel/framework/src/Illuminate/Database/Console/Migrations/MigrateCommand.php(118): Illuminate\\Database\\Migrations\\Migrator->run()
#22 /workspace/vendor/laravel/framework/src/Illuminate/Database/Migrations/Migrator.php(672): Illuminate\\Database\\Console\\Migrations\\MigrateCommand->{closure:Illuminate\\Database\\Console\\Migrations\\MigrateCommand::runMigrations():111}()
#23 /workspace/vendor/laravel/framework/src/Illuminate/Database/Console/Migrations/MigrateCommand.php(111): Illuminate\\Database\\Migrations\\Migrator->usingConnection()
#24 /workspace/vendor/laravel/framework/src/Illuminate/Database/Console/Migrations/MigrateCommand.php(90): Illuminate\\Database\\Console\\Migrations\\MigrateCommand->runMigrations()
#25 /workspace/vendor/laravel/framework/src/Illuminate/Container/BoundMethod.php(36): Illuminate\\Database\\Console\\Migrations\\MigrateCommand->handle()
#26 /workspace/vendor/laravel/framework/src/Illuminate/Container/Util.php(43): Illuminate\\Container\\BoundMethod::{closure:Illuminate\\Container\\BoundMethod::call():35}()
#27 /workspace/vendor/laravel/framework/src/Illuminate/Container/BoundMethod.php(96): Illuminate\\Container\\Util::unwrapIfClosure()
#28 /workspace/vendor/laravel/framework/src/Illuminate/Container/BoundMethod.php(35): Illuminate\\Container\\BoundMethod::callBoundMethod()
#29 /workspace/vendor/laravel/framework/src/Illuminate/Container/Container.php(803): Illuminate\\Container\\BoundMethod::call()
#30 /workspace/vendor/laravel/framework/src/Illuminate/Console/Command.php(292): Illuminate\\Container\\Container->call()
#31 /workspace/vendor/symfony/console/Command/Command.php(341): Illuminate\\Console\\Command->execute()
#32 /workspace/vendor/laravel/framework/src/Illuminate/Console/Command.php(261): Symfony\\Component\\Console\\Command\\Command->run()
#33 /workspace/vendor/symfony/console/Application.php(1117): Illuminate\\Console\\Command->run()
#34 /workspace/vendor/symfony/console/Application.php(356): Symfony\\Component\\Console\\Application->doRunCommand()
#35 /workspace/vendor/symfony/console/Application.php(195): Symfony\\Component\\Console\\Application->doRun()
#36 /workspace/vendor/laravel/framework/src/Illuminate/Foundation/Console/Kernel.php(198): Symfony\\Component\\Console\\Application->run()
#37 /workspace/artisan(16): Illuminate\\Foundation\\Console\\Kernel->handle()
#38 {main}
"} 
[2026-10-01 18:11:44] local.ERROR: SQLSTATE[42S02]: Base table or view not found: 1146 Table 'nabilet.heatmap_events' doesn't exist (Connection: mysql, Host: 127.0.0.1, Port: 3306, Database: nabilet, SQL: CREATE INDEX IF NOT EXISTS idx_heatmap_page_time ON heatmap_events (page_url(255), occurred_at)) {"exception":"[object] (Illuminate\\Database\\QueryException(code: 42S02): SQLSTATE[42S02]: Base table or view not found: 1146 Table 'nabilet.heatmap_events' doesn't exist (Connection: mysql, Host: 127.0.0.1, Port: 3306, Database: nabilet, SQL: CREATE INDEX IF NOT EXISTS idx_heatmap_page_time ON heatmap_events (page_url(255), occurred_at)) at /workspace/vendor/laravel/framework/src/Illuminate/Database/Connection.php:857)
[stacktrace]
#0 /workspace/vendor/laravel/framework/src/Illuminate/Database/Connection.php(813): Illuminate\\Database\\Connection->runQueryCallback()
#1 /workspace/vendor/laravel/framework/src/Illuminate/Database/Connection.php(590): Illuminate\\Database\\Connection->run()
#2 /workspace/vendor/laravel/framework/src/Illuminate/Database/DatabaseManager.php(502): Illuminate\\Database\\Connection->statement()
#3 /workspace/vendor/laravel/framework/src/Illuminate/Support/Facades/Facade.php(364): Illuminate\\Database\\DatabaseManager->__call()
#4 /workspace/database/migrations/2026_09_20_000700_007_analytics.php(126): Illuminate\\Support\\Facades\\Facade::__callStatic()
#5 /workspace/vendor/laravel/framework/src/Illuminate/Database/Schema/Builder.php(525): Illuminate\\Database\\Migrations\\Migration@anonymous->{closure:Illuminate\\Database\\Migrations\\Migration@anonymous()
#6 /workspace/vendor/laravel/framework/src/Illuminate/Support/helpers.php(393): Illuminate\\Database\\Schema\\Builder->{closure:Illuminate\\Database\\Schema\\Builder::create():522}()
#7 /workspace/vendor/laravel/framework/src/Illuminate/Database/Schema/Builder.php(522): tap()
#8 /workspace/vendor/laravel/framework/src/Illuminate/Support/Facades/Facade.php(364): Illuminate\\Database\\Schema\\Builder->create()
#9 /workspace/database/migrations/2026_09_20_000700_007_analytics.php(106): Illuminate\\Support\\Facades\\Facade::__callStatic()
#10 /workspace/vendor/laravel/framework/src/Illuminate/Database/Migrations/Migrator.php(517): Illuminate\\Database\\Migrations\\Migration@anonymous->up()
#11 /workspace/vendor/laravel/framework/src/Illuminate/Database/Migrations/Migrator.php(442): Illuminate\\Database\\Migrations\\Migrator->runMethod()
#12 /workspace/vendor/laravel/framework/src/Illuminate/Database/Migrations/Migrator.php(451): Illuminate\\Database\\Migrations\\Migrator->{closure:Illuminate\\Database\\Migrations\\Migrator::runMigration():438}()
#13 /workspace/vendor/laravel/framework/src/Illuminate/Database/Migrations/Migrator.php(253): Illuminate\\Database\\Migrations\\Migrator->runMigration()
#14 /workspace/vendor/laravel/framework/src/Illuminate/Console/View/Components/Task.php(43): Illuminate\\Database\\Migrations\\Migrator->{closure:Illuminate\\Database\\Migrations\\Migrator::runUp():253}()
#15 /workspace/vendor/laravel/framework/src/Illuminate/Database/Migrations/Migrator.php(853): Illuminate\\Console\\View\\Components\\Task->render()
#16 /workspace/vendor/laravel/framework/src/Illuminate/Database/Migrations/Migrator.php(253): Illuminate\\Database\\Migrations\\Migrator->write()
#17 /workspace/vendor/laravel/framework/src/Illuminate/Database/Migrations/Migrator.php(211): Illuminate\\Database\\Migrations\\Migrator->runUp()
#18 /workspace/vendor/laravel/framework/src/Illuminate/Database/Migrations/Migrator.php(138): Illuminate\\Database\\Migrations\\Migrator->runPending()
#19 /workspace/vendor/laravel/framework/src/Illuminate/Database/Console/Migrations/MigrateCommand.php(118): Illuminate\\Database\\Migrations\\Migrator->run()
#20 /workspace/vendor/laravel/framework/src/Illuminate/Database/Migrations/Migrator.php(672): Illuminate\\Database\\Console\\Migrations\\MigrateCommand->{closure:Illuminate\\Database\\Console\\Migrations\\MigrateCommand::runMigrations():111}()
#21 /workspace/vendor/laravel/framework/src/Illuminate/Database/Console/Migrations/MigrateCommand.php(111): Illuminate\\Database\\Migrations\\Migrator->usingConnection()
#22 /workspace/vendor/laravel/framework/src/Illuminate/Database/Console/Migrations/MigrateCommand.php(90): Illuminate\\Database\\Console\\Migrations\\MigrateCommand->runMigrations()
#23 /workspace/vendor/laravel/framework/src/Illuminate/Container/BoundMethod.php(36): Illuminate\\Database\\Console\\Migrations\\MigrateCommand->handle()
#24 /workspace/vendor/laravel/framework/src/Illuminate/Container/Util.php(43): Illuminate\\Container\\BoundMethod::{closure:Illuminate\\Container\\BoundMethod::call():35}()
#25 /workspace/vendor/laravel/framework/src/Illuminate/Container/BoundMethod.php(96): Illuminate\\Container\\Util::unwrapIfClosure()
#26 /workspace/vendor/laravel/framework/src/Illuminate/Container/BoundMethod.php(35): Illuminate\\Container\\BoundMethod::callBoundMethod()
#27 /workspace/vendor/laravel/framework/src/Illuminate/Container/Container.php(803): Illuminate\\Container\\BoundMethod::call()
#28 /workspace/vendor/laravel/framework/src/Illuminate/Console/Command.php(292): Illuminate\\Container\\Container->call()
#29 /workspace/vendor/symfony/console/Command/Command.php(341): Illuminate\\Console\\Command->execute()
#30 /workspace/vendor/laravel/framework/src/Illuminate/Console/Command.php(261): Symfony\\Component\\Console\\Command\\Command->run()
#31 /workspace/vendor/symfony/console/Application.php(1117): Illuminate\\Console\\Command->run()
#32 /workspace/vendor/symfony/console/Application.php(356): Symfony\\Component\\Console\\Application->doRunCommand()
#33 /workspace/vendor/symfony/console/Application.php(195): Symfony\\Component\\Console\\Application->doRun()
#34 /workspace/vendor/laravel/framework/src/Illuminate/Foundation/Console/Kernel.php(198): Symfony\\Component\\Console\\Application->run()
#35 /workspace/artisan(16): Illuminate\\Foundation\\Console\\Kernel->handle()
#36 {main}

[previous exception] [object] (PDOException(code: 42S02): SQLSTATE[42S02]: Base table or view not found: 1146 Table 'nabilet.heatmap_events' doesn't exist at /workspace/vendor/laravel/framework/src/Illuminate/Database/Connection.php:601)
[stacktrace]
#0 /workspace/vendor/laravel/framework/src/Illuminate/Database/Connection.php(601): PDOStatement->execute()
#1 /workspace/vendor/laravel/framework/src/Illuminate/Database/Connection.php(846): Illuminate\\Database\\Connection->{closure:Illuminate\\Database\\Connection::statement():590}()
#2 /workspace/vendor/laravel/framework/src/Illuminate/Database/Connection.php(813): Illuminate\\Database\\Connection->runQueryCallback()
#3 /workspace/vendor/laravel/framework/src/Illuminate/Database/Connection.php(590): Illuminate\\Database\\Connection->run()
#4 /workspace/vendor/laravel/framework/src/Illuminate/Database/DatabaseManager.php(502): Illuminate\\Database\\Connection->statement()
#5 /workspace/vendor/laravel/framework/src/Illuminate/Support/Facades/Facade.php(364): Illuminate\\Database\\DatabaseManager->__call()
#6 /workspace/database/migrations/2026_09_20_000700_007_analytics.php(126): Illuminate\\Support\\Facades\\Facade::__callStatic()
#7 /workspace/vendor/laravel/framework/src/Illuminate/Database/Schema/Builder.php(525): Illuminate\\Database\\Migrations\\Migration@anonymous->{closure:Illuminate\\Database\\Migrations\\Migration@anonymous()
#8 /workspace/vendor/laravel/framework/src/Illuminate/Support/helpers.php(393): Illuminate\\Database\\Schema\\Builder->{closure:Illuminate\\Database\\Schema\\Builder::create():522}()
#9 /workspace/vendor/laravel/framework/src/Illuminate/Database/Schema/Builder.php(522): tap()
#10 /workspace/vendor/laravel/framework/src/Illuminate/Support/Facades/Facade.php(364): Illuminate\\Database\\Schema\\Builder->create()
#11 /workspace/database/migrations/2026_09_20_000700_007_analytics.php(106): Illuminate\\Support\\Facades\\Facade::__callStatic()
#12 /workspace/vendor/laravel/framework/src/Illuminate/Database/Migrations/Migrator.php(517): Illuminate\\Database\\Migrations\\Migration@anonymous->up()
#13 /workspace/vendor/laravel/framework/src/Illuminate/Database/Migrations/Migrator.php(442): Illuminate\\Database\\Migrations\\Migrator->runMethod()
#14 /workspace/vendor/laravel/framework/src/Illuminate/Database/Migrations/Migrator.php(451): Illuminate\\Database\\Migrations\\Migrator->{closure:Illuminate\\Database\\Migrations\\Migrator::runMigration():438}()
#15 /workspace/vendor/laravel/framework/src/Illuminate/Database/Migrations/Migrator.php(253): Illuminate\\Database\\Migrations\\Migrator->runMigration()
#16 /workspace/vendor/laravel/framework/src/Illuminate/Console/View/Components/Task.php(43): Illuminate\\Database\\Migrations\\Migrator->{closure:Illuminate\\Database\\Migrations\\Migrator::runUp():253}()
#17 /workspace/vendor/laravel/framework/src/Illuminate/Database/Migrations/Migrator.php(853): Illuminate\\Console\\View\\Components\\Task->render()
#18 /workspace/vendor/laravel/framework/src/Illuminate/Database/Migrations/Migrator.php(253): Illuminate\\Database\\Migrations\\Migrator->write()
#19 /workspace/vendor/laravel/framework/src/Illuminate/Database/Migrations/Migrator.php(211): Illuminate\\Database\\Migrations\\Migrator->runUp()
#20 /workspace/vendor/laravel/framework/src/Illuminate/Database/Migrations/Migrator.php(138): Illuminate\\Database\\Migrations\\Migrator->runPending()
#21 /workspace/vendor/laravel/framework/src/Illuminate/Database/Console/Migrations/MigrateCommand.php(118): Illuminate\\Database\\Migrations\\Migrator->run()
#22 /workspace/vendor/laravel/framework/src/Illuminate/Database/Migrations/Migrator.php(672): Illuminate\\Database\\Console\\Migrations\\MigrateCommand->{closure:Illuminate\\Database\\Console\\Migrations\\MigrateCommand::runMigrations():111}()
#23 /workspace/vendor/laravel/framework/src/Illuminate/Database/Console/Migrations/MigrateCommand.php(111): Illuminate\\Database\\Migrations\\Migrator->usingConnection()
#24 /workspace/vendor/laravel/framework/src/Illuminate/Database/Console/Migrations/MigrateCommand.php(90): Illuminate\\Database\\Console\\Migrations\\MigrateCommand->runMigrations()
#25 /workspace/vendor/laravel/framework/src/Illuminate/Container/BoundMethod.php(36): Illuminate\\Database\\Console\\Migrations\\MigrateCommand->handle()
#26 /workspace/vendor/laravel/framework/src/Illuminate/Container/Util.php(43): Illuminate\\Container\\BoundMethod::{closure:Illuminate\\Container\\BoundMethod::call():35}()
#27 /workspace/vendor/laravel/framework/src/Illuminate/Container/BoundMethod.php(96): Illuminate\\Container\\Util::unwrapIfClosure()
#28 /workspace/vendor/laravel/framework/src/Illuminate/Container/BoundMethod.php(35): Illuminate\\Container\\BoundMethod::callBoundMethod()
#29 /workspace/vendor/laravel/framework/src/Illuminate/Container/Container.php(803): Illuminate\\Container\\BoundMethod::call()
#30 /workspace/vendor/laravel/framework/src/Illuminate/Console/Command.php(292): Illuminate\\Container\\Container->call()
#31 /workspace/vendor/symfony/console/Command/Command.php(341): Illuminate\\Console\\Command->execute()
#32 /workspace/vendor/laravel/framework/src/Illuminate/Console/Command.php(261): Symfony\\Component\\Console\\Command\\Command->run()
#33 /workspace/vendor/symfony/console/Application.php(1117): Illuminate\\Console\\Command->run()
#34 /workspace/vendor/symfony/console/Application.php(356): Symfony\\Component\\Console\\Application->doRunCommand()
#35 /workspace/vendor/symfony/console/Application.php(195): Symfony\\Component\\Console\\Application->doRun()
#36 /workspace/vendor/laravel/framework/src/Illuminate/Foundation/Console/Kernel.php(198): Symfony\\Component\\Console\\Application->run()
#37 /workspace/artisan(16): Illuminate\\Foundation\\Console\\Kernel->handle()
#38 {main}
"} 
[2026-10-01 18:11:52] local.ERROR: SQLSTATE[42S02]: Base table or view not found: 1146 Table 'nabilet.heatmap_events' doesn't exist (Connection: mysql, Host: 127.0.0.1, Port: 3306, Database: nabilet, SQL: CREATE INDEX IF NOT EXISTS idx_heatmap_page_time ON heatmap_events (page_url(255), occurred_at)) {"exception":"[object] (Illuminate\\Database\\QueryException(code: 42S02): SQLSTATE[42S02]: Base table or view not found: 1146 Table 'nabilet.heatmap_events' doesn't exist (Connection: mysql, Host: 127.0.0.1, Port: 3306, Database: nabilet, SQL: CREATE INDEX IF NOT EXISTS idx_heatmap_page_time ON heatmap_events (page_url(255), occurred_at)) at /workspace/vendor/laravel/framework/src/Illuminate/Database/Connection.php:857)
[stacktrace]
#0 /workspace/vendor/laravel/framework/src/Illuminate/Database/Connection.php(813): Illuminate\\Database\\Connection->runQueryCallback()
#1 /workspace/vendor/laravel/framework/src/Illuminate/Database/Connection.php(590): Illuminate\\Database\\Connection->run()
#2 /workspace/vendor/laravel/framework/src/Illuminate/Database/DatabaseManager.php(502): Illuminate\\Database\\Connection->statement()
#3 /workspace/vendor/laravel/framework/src/Illuminate/Support/Facades/Facade.php(364): Illuminate\\Database\\DatabaseManager->__call()
#4 /workspace/database/migrations/2026_09_20_000700_007_analytics.php(126): Illuminate\\Support\\Facades\\Facade::__callStatic()
#5 /workspace/vendor/laravel/framework/src/Illuminate/Database/Schema/Builder.php(525): Illuminate\\Database\\Migrations\\Migration@anonymous->{closure:Illuminate\\Database\\Migrations\\Migration@anonymous()
#6 /workspace/vendor/laravel/framework/src/Illuminate/Support/helpers.php(393): Illuminate\\Database\\Schema\\Builder->{closure:Illuminate\\Database\\Schema\\Builder::create():522}()
#7 /workspace/vendor/laravel/framework/src/Illuminate/Database/Schema/Builder.php(522): tap()
#8 /workspace/vendor/laravel/framework/src/Illuminate/Support/Facades/Facade.php(364): Illuminate\\Database\\Schema\\Builder->create()
#9 /workspace/database/migrations/2026_09_20_000700_007_analytics.php(106): Illuminate\\Support\\Facades\\Facade::__callStatic()
#10 /workspace/vendor/laravel/framework/src/Illuminate/Database/Migrations/Migrator.php(517): Illuminate\\Database\\Migrations\\Migration@anonymous->up()
#11 /workspace/vendor/laravel/framework/src/Illuminate/Database/Migrations/Migrator.php(442): Illuminate\\Database\\Migrations\\Migrator->runMethod()
#12 /workspace/vendor/laravel/framework/src/Illuminate/Database/Migrations/Migrator.php(451): Illuminate\\Database\\Migrations\\Migrator->{closure:Illuminate\\Database\\Migrations\\Migrator::runMigration():438}()
#13 /workspace/vendor/laravel/framework/src/Illuminate/Database/Migrations/Migrator.php(253): Illuminate\\Database\\Migrations\\Migrator->runMigration()
#14 /workspace/vendor/laravel/framework/src/Illuminate/Console/View/Components/Task.php(43): Illuminate\\Database\\Migrations\\Migrator->{closure:Illuminate\\Database\\Migrations\\Migrator::runUp():253}()
#15 /workspace/vendor/laravel/framework/src/Illuminate/Database/Migrations/Migrator.php(853): Illuminate\\Console\\View\\Components\\Task->render()
#16 /workspace/vendor/laravel/framework/src/Illuminate/Database/Migrations/Migrator.php(253): Illuminate\\Database\\Migrations\\Migrator->write()
#17 /workspace/vendor/laravel/framework/src/Illuminate/Database/Migrations/Migrator.php(211): Illuminate\\Database\\Migrations\\Migrator->runUp()
#18 /workspace/vendor/laravel/framework/src/Illuminate/Database/Migrations/Migrator.php(138): Illuminate\\Database\\Migrations\\Migrator->runPending()
#19 /workspace/vendor/laravel/framework/src/Illuminate/Database/Console/Migrations/MigrateCommand.php(118): Illuminate\\Database\\Migrations\\Migrator->run()
#20 /workspace/vendor/laravel/framework/src/Illuminate/Database/Migrations/Migrator.php(672): Illuminate\\Database\\Console\\Migrations\\MigrateCommand->{closure:Illuminate\\Database\\Console\\Migrations\\MigrateCommand::runMigrations():111}()
#21 /workspace/vendor/laravel/framework/src/Illuminate/Database/Console/Migrations/MigrateCommand.php(111): Illuminate\\Database\\Migrations\\Migrator->usingConnection()
#22 /workspace/vendor/laravel/framework/src/Illuminate/Database/Console/Migrations/MigrateCommand.php(90): Illuminate\\Database\\Console\\Migrations\\MigrateCommand->runMigrations()
#23 /workspace/vendor/laravel/framework/src/Illuminate/Container/BoundMethod.php(36): Illuminate\\Database\\Console\\Migrations\\MigrateCommand->handle()
#24 /workspace/vendor/laravel/framework/src/Illuminate/Container/Util.php(43): Illuminate\\Container\\BoundMethod::{closure:Illuminate\\Container\\BoundMethod::call():35}()
#25 /workspace/vendor/laravel/framework/src/Illuminate/Container/BoundMethod.php(96): Illuminate\\Container\\Util::unwrapIfClosure()
#26 /workspace/vendor/laravel/framework/src/Illuminate/Container/BoundMethod.php(35): Illuminate\\Container\\BoundMethod::callBoundMethod()
#27 /workspace/vendor/laravel/framework/src/Illuminate/Container/Container.php(803): Illuminate\\Container\\BoundMethod::call()
#28 /workspace/vendor/laravel/framework/src/Illuminate/Console/Command.php(292): Illuminate\\Container\\Container->call()
#29 /workspace/vendor/symfony/console/Command/Command.php(341): Illuminate\\Console\\Command->execute()
#30 /workspace/vendor/laravel/framework/src/Illuminate/Console/Command.php(261): Symfony\\Component\\Console\\Command\\Command->run()
#31 /workspace/vendor/laravel/framework/src/Illuminate/Console/Concerns/CallsCommands.php(68): Illuminate\\Console\\Command->run()
#32 /workspace/vendor/laravel/framework/src/Illuminate/Console/Concerns/CallsCommands.php(29): Illuminate\\Console\\Command->runCommand()
#33 /workspace/vendor/laravel/framework/src/Illuminate/Database/Console/Migrations/FreshCommand.php(96): Illuminate\\Console\\Command->call()
#34 /workspace/vendor/laravel/framework/src/Illuminate/Container/BoundMethod.php(36): Illuminate\\Database\\Console\\Migrations\\FreshCommand->handle()
#35 /workspace/vendor/laravel/framework/src/Illuminate/Container/Util.php(43): Illuminate\\Container\\BoundMethod::{closure:Illuminate\\Container\\BoundMethod::call():35}()
#36 /workspace/vendor/laravel/framework/src/Illuminate/Container/BoundMethod.php(96): Illuminate\\Container\\Util::unwrapIfClosure()
#37 /workspace/vendor/laravel/framework/src/Illuminate/Container/BoundMethod.php(35): Illuminate\\Container\\BoundMethod::callBoundMethod()
#38 /workspace/vendor/laravel/framework/src/Illuminate/Container/Container.php(803): Illuminate\\Container\\BoundMethod::call()
#39 /workspace/vendor/laravel/framework/src/Illuminate/Console/Command.php(292): Illuminate\\Container\\Container->call()
#40 /workspace/vendor/symfony/console/Command/Command.php(341): Illuminate\\Console\\Command->execute()
#41 /workspace/vendor/laravel/framework/src/Illuminate/Console/Command.php(261): Symfony\\Component\\Console\\Command\\Command->run()
#42 /workspace/vendor/symfony/console/Application.php(1117): Illuminate\\Console\\Command->run()
#43 /workspace/vendor/symfony/console/Application.php(356): Symfony\\Component\\Console\\Application->doRunCommand()
#44 /workspace/vendor/symfony/console/Application.php(195): Symfony\\Component\\Console\\Application->doRun()
#45 /workspace/vendor/laravel/framework/src/Illuminate/Foundation/Console/Kernel.php(198): Symfony\\Component\\Console\\Application->run()
#46 /workspace/artisan(16): Illuminate\\Foundation\\Console\\Kernel->handle()
#47 {main}

[previous exception] [object] (PDOException(code: 42S02): SQLSTATE[42S02]: Base table or view not found: 1146 Table 'nabilet.heatmap_events' doesn't exist at /workspace/vendor/laravel/framework/src/Illuminate/Database/Connection.php:601)
[stacktrace]
#0 /workspace/vendor/laravel/framework/src/Illuminate/Database/Connection.php(601): PDOStatement->execute()
#1 /workspace/vendor/laravel/framework/src/Illuminate/Database/Connection.php(846): Illuminate\\Database\\Connection->{closure:Illuminate\\Database\\Connection::statement():590}()
#2 /workspace/vendor/laravel/framework/src/Illuminate/Database/Connection.php(813): Illuminate\\Database\\Connection->runQueryCallback()
#3 /workspace/vendor/laravel/framework/src/Illuminate/Database/Connection.php(590): Illuminate\\Database\\Connection->run()
#4 /workspace/vendor/laravel/framework/src/Illuminate/Database/DatabaseManager.php(502): Illuminate\\Database\\Connection->statement()
#5 /workspace/vendor/laravel/framework/src/Illuminate/Support/Facades/Facade.php(364): Illuminate\\Database\\DatabaseManager->__call()
#6 /workspace/database/migrations/2026_09_20_000700_007_analytics.php(126): Illuminate\\Support\\Facades\\Facade::__callStatic()
#7 /workspace/vendor/laravel/framework/src/Illuminate/Database/Schema/Builder.php(525): Illuminate\\Database\\Migrations\\Migration@anonymous->{closure:Illuminate\\Database\\Migrations\\Migration@anonymous()
#8 /workspace/vendor/laravel/framework/src/Illuminate/Support/helpers.php(393): Illuminate\\Database\\Schema\\Builder->{closure:Illuminate\\Database\\Schema\\Builder::create():522}()
#9 /workspace/vendor/laravel/framework/src/Illuminate/Database/Schema/Builder.php(522): tap()
#10 /workspace/vendor/laravel/framework/src/Illuminate/Support/Facades/Facade.php(364): Illuminate\\Database\\Schema\\Builder->create()
#11 /workspace/database/migrations/2026_09_20_000700_007_analytics.php(106): Illuminate\\Support\\Facades\\Facade::__callStatic()
#12 /workspace/vendor/laravel/framework/src/Illuminate/Database/Migrations/Migrator.php(517): Illuminate\\Database\\Migrations\\Migration@anonymous->up()
#13 /workspace/vendor/laravel/framework/src/Illuminate/Database/Migrations/Migrator.php(442): Illuminate\\Database\\Migrations\\Migrator->runMethod()
#14 /workspace/vendor/laravel/framework/src/Illuminate/Database/Migrations/Migrator.php(451): Illuminate\\Database\\Migrations\\Migrator->{closure:Illuminate\\Database\\Migrations\\Migrator::runMigration():438}()
#15 /workspace/vendor/laravel/framework/src/Illuminate/Database/Migrations/Migrator.php(253): Illuminate\\Database\\Migrations\\Migrator->runMigration()
#16 /workspace/vendor/laravel/framework/src/Illuminate/Console/View/Components/Task.php(43): Illuminate\\Database\\Migrations\\Migrator->{closure:Illuminate\\Database\\Migrations\\Migrator::runUp():253}()
#17 /workspace/vendor/laravel/framework/src/Illuminate/Database/Migrations/Migrator.php(853): Illuminate\\Console\\View\\Components\\Task->render()
#18 /workspace/vendor/laravel/framework/src/Illuminate/Database/Migrations/Migrator.php(253): Illuminate\\Database\\Migrations\\Migrator->write()
#19 /workspace/vendor/laravel/framework/src/Illuminate/Database/Migrations/Migrator.php(211): Illuminate\\Database\\Migrations\\Migrator->runUp()
#20 /workspace/vendor/laravel/framework/src/Illuminate/Database/Migrations/Migrator.php(138): Illuminate\\Database\\Migrations\\Migrator->runPending()
#21 /workspace/vendor/laravel/framework/src/Illuminate/Database/Console/Migrations/MigrateCommand.php(118): Illuminate\\Database\\Migrations\\Migrator->run()
#22 /workspace/vendor/laravel/framework/src/Illuminate/Database/Migrations/Migrator.php(672): Illuminate\\Database\\Console\\Migrations\\MigrateCommand->{closure:Illuminate\\Database\\Console\\Migrations\\MigrateCommand::runMigrations():111}()
#23 /workspace/vendor/laravel/framework/src/Illuminate/Database/Console/Migrations/MigrateCommand.php(111): Illuminate\\Database\\Migrations\\Migrator->usingConnection()
#24 /workspace/vendor/laravel/framework/src/Illuminate/Database/Console/Migrations/MigrateCommand.php(90): Illuminate\\Database\\Console\\Migrations\\MigrateCommand->runMigrations()
#25 /workspace/vendor/laravel/framework/src/Illuminate/Container/BoundMethod.php(36): Illuminate\\Database\\Console\\Migrations\\MigrateCommand->handle()
#26 /workspace/vendor/laravel/framework/src/Illuminate/Container/Util.php(43): Illuminate\\Container\\BoundMethod::{closure:Illuminate\\Container\\BoundMethod::call():35}()
#27 /workspace/vendor/laravel/framework/src/Illuminate/Container/BoundMethod.php(96): Illuminate\\Container\\Util::unwrapIfClosure()
#28 /workspace/vendor/laravel/framework/src/Illuminate/Container/BoundMethod.php(35): Illuminate\\Container\\BoundMethod::callBoundMethod()
#29 /workspace/vendor/laravel/framework/src/Illuminate/Container/Container.php(803): Illuminate\\Container\\BoundMethod::call()
#30 /workspace/vendor/laravel/framework/src/Illuminate/Console/Command.php(292): Illuminate\\Container\\Container->call()
#31 /workspace/vendor/symfony/console/Command/Command.php(341): Illuminate\\Console\\Command->execute()
#32 /workspace/vendor/laravel/framework/src/Illuminate/Console/Command.php(261): Symfony\\Component\\Console\\Command\\Command->run()
#33 /workspace/vendor/laravel/framework/src/Illuminate/Console/Concerns/CallsCommands.php(68): Illuminate\\Console\\Command->run()
#34 /workspace/vendor/laravel/framework/src/Illuminate/Console/Concerns/CallsCommands.php(29): Illuminate\\Console\\Command->runCommand()
#35 /workspace/vendor/laravel/framework/src/Illuminate/Database/Console/Migrations/FreshCommand.php(96): Illuminate\\Console\\Command->call()
#36 /workspace/vendor/laravel/framework/src/Illuminate/Container/BoundMethod.php(36): Illuminate\\Database\\Console\\Migrations\\FreshCommand->handle()
#37 /workspace/vendor/laravel/framework/src/Illuminate/Container/Util.php(43): Illuminate\\Container\\BoundMethod::{closure:Illuminate\\Container\\BoundMethod::call():35}()
#38 /workspace/vendor/laravel/framework/src/Illuminate/Container/BoundMethod.php(96): Illuminate\\Container\\Util::unwrapIfClosure()
#39 /workspace/vendor/laravel/framework/src/Illuminate/Container/BoundMethod.php(35): Illuminate\\Container\\BoundMethod::callBoundMethod()
#40 /workspace/vendor/laravel/framework/src/Illuminate/Container/Container.php(803): Illuminate\\Container\\BoundMethod::call()
#41 /workspace/vendor/laravel/framework/src/Illuminate/Console/Command.php(292): Illuminate\\Container\\Container->call()
#42 /workspace/vendor/symfony/console/Command/Command.php(341): Illuminate\\Console\\Command->execute()
#43 /workspace/vendor/laravel/framework/src/Illuminate/Console/Command.php(261): Symfony\\Component\\Console\\Command\\Command->run()
#44 /workspace/vendor/symfony/console/Application.php(1117): Illuminate\\Console\\Command->run()
#45 /workspace/vendor/symfony/console/Application.php(356): Symfony\\Component\\Console\\Application->doRunCommand()
#46 /workspace/vendor/symfony/console/Application.php(195): Symfony\\Component\\Console\\Application->doRun()
#47 /workspace/vendor/laravel/framework/src/Illuminate/Foundation/Console/Kernel.php(198): Symfony\\Component\\Console\\Application->run()
#48 /workspace/artisan(16): Illuminate\\Foundation\\Console\\Kernel->handle()
#49 {main}
"} 
[2026-10-01 18:12:04] local.ERROR: Method Illuminate\Database\MySqlConnection::serverVersion does not exist. {"exception":"[object] (BadMethodCallException(code: 0): Method Illuminate\\Database\\MySqlConnection::serverVersion does not exist. at /workspace/vendor/laravel/framework/src/Illuminate/Macroable/Traits/Macroable.php:117)
[stacktrace]
#0 /workspace/vendor/laravel/framework/src/Illuminate/Database/DatabaseManager.php(502): Illuminate\\Database\\Connection->__call()
#1 /workspace/vendor/laravel/framework/src/Illuminate/Support/Facades/Facade.php(364): Illuminate\\Database\\DatabaseManager->__call()
#2 /workspace/database/migrations/2026_09_20_001200_fix_offline_bundles_unique_constraint.php(25): Illuminate\\Support\\Facades\\Facade::__callStatic()
#3 /workspace/vendor/laravel/framework/src/Illuminate/Database/Migrations/Migrator.php(517): Illuminate\\Database\\Migrations\\Migration@anonymous->up()
#4 /workspace/vendor/laravel/framework/src/Illuminate/Database/Migrations/Migrator.php(442): Illuminate\\Database\\Migrations\\Migrator->runMethod()
#5 /workspace/vendor/laravel/framework/src/Illuminate/Database/Migrations/Migrator.php(451): Illuminate\\Database\\Migrations\\Migrator->{closure:Illuminate\\Database\\Migrations\\Migrator::runMigration():438}()
#6 /workspace/vendor/laravel/framework/src/Illuminate/Database/Migrations/Migrator.php(253): Illuminate\\Database\\Migrations\\Migrator->runMigration()
#7 /workspace/vendor/laravel/framework/src/Illuminate/Console/View/Components/Task.php(43): Illuminate\\Database\\Migrations\\Migrator->{closure:Illuminate\\Database\\Migrations\\Migrator::runUp():253}()
#8 /workspace/vendor/laravel/framework/src/Illuminate/Database/Migrations/Migrator.php(853): Illuminate\\Console\\View\\Components\\Task->render()
#9 /workspace/vendor/laravel/framework/src/Illuminate/Database/Migrations/Migrator.php(253): Illuminate\\Database\\Migrations\\Migrator->write()
#10 /workspace/vendor/laravel/framework/src/Illuminate/Database/Migrations/Migrator.php(211): Illuminate\\Database\\Migrations\\Migrator->runUp()
#11 /workspace/vendor/laravel/framework/src/Illuminate/Database/Migrations/Migrator.php(138): Illuminate\\Database\\Migrations\\Migrator->runPending()
#12 /workspace/vendor/laravel/framework/src/Illuminate/Database/Console/Migrations/MigrateCommand.php(118): Illuminate\\Database\\Migrations\\Migrator->run()
#13 /workspace/vendor/laravel/framework/src/Illuminate/Database/Migrations/Migrator.php(672): Illuminate\\Database\\Console\\Migrations\\MigrateCommand->{closure:Illuminate\\Database\\Console\\Migrations\\MigrateCommand::runMigrations():111}()
#14 /workspace/vendor/laravel/framework/src/Illuminate/Database/Console/Migrations/MigrateCommand.php(111): Illuminate\\Database\\Migrations\\Migrator->usingConnection()
#15 /workspace/vendor/laravel/framework/src/Illuminate/Database/Console/Migrations/MigrateCommand.php(90): Illuminate\\Database\\Console\\Migrations\\MigrateCommand->runMigrations()
#16 /workspace/vendor/laravel/framework/src/Illuminate/Container/BoundMethod.php(36): Illuminate\\Database\\Console\\Migrations\\MigrateCommand->handle()
#17 /workspace/vendor/laravel/framework/src/Illuminate/Container/Util.php(43): Illuminate\\Container\\BoundMethod::{closure:Illuminate\\Container\\BoundMethod::call():35}()
#18 /workspace/vendor/laravel/framework/src/Illuminate/Container/BoundMethod.php(96): Illuminate\\Container\\Util::unwrapIfClosure()
#19 /workspace/vendor/laravel/framework/src/Illuminate/Container/BoundMethod.php(35): Illuminate\\Container\\BoundMethod::callBoundMethod()
#20 /workspace/vendor/laravel/framework/src/Illuminate/Container/Container.php(803): Illuminate\\Container\\BoundMethod::call()
#21 /workspace/vendor/laravel/framework/src/Illuminate/Console/Command.php(292): Illuminate\\Container\\Container->call()
#22 /workspace/vendor/symfony/console/Command/Command.php(341): Illuminate\\Console\\Command->execute()
#23 /workspace/vendor/laravel/framework/src/Illuminate/Console/Command.php(261): Symfony\\Component\\Console\\Command\\Command->run()
#24 /workspace/vendor/laravel/framework/src/Illuminate/Console/Concerns/CallsCommands.php(68): Illuminate\\Console\\Command->run()
#25 /workspace/vendor/laravel/framework/src/Illuminate/Console/Concerns/CallsCommands.php(29): Illuminate\\Console\\Command->runCommand()
#26 /workspace/vendor/laravel/framework/src/Illuminate/Database/Console/Migrations/FreshCommand.php(96): Illuminate\\Console\\Command->call()
#27 /workspace/vendor/laravel/framework/src/Illuminate/Container/BoundMethod.php(36): Illuminate\\Database\\Console\\Migrations\\FreshCommand->handle()
#28 /workspace/vendor/laravel/framework/src/Illuminate/Container/Util.php(43): Illuminate\\Container\\BoundMethod::{closure:Illuminate\\Container\\BoundMethod::call():35}()
#29 /workspace/vendor/laravel/framework/src/Illuminate/Container/BoundMethod.php(96): Illuminate\\Container\\Util::unwrapIfClosure()
#30 /workspace/vendor/laravel/framework/src/Illuminate/Container/BoundMethod.php(35): Illuminate\\Container\\BoundMethod::callBoundMethod()
#31 /workspace/vendor/laravel/framework/src/Illuminate/Container/Container.php(803): Illuminate\\Container\\BoundMethod::call()
#32 /workspace/vendor/laravel/framework/src/Illuminate/Console/Command.php(292): Illuminate\\Container\\Container->call()
#33 /workspace/vendor/symfony/console/Command/Command.php(341): Illuminate\\Console\\Command->execute()
#34 /workspace/vendor/laravel/framework/src/Illuminate/Console/Command.php(261): Symfony\\Component\\Console\\Command\\Command->run()
#35 /workspace/vendor/symfony/console/Application.php(1117): Illuminate\\Console\\Command->run()
#36 /workspace/vendor/symfony/console/Application.php(356): Symfony\\Component\\Console\\Application->doRunCommand()
#37 /workspace/vendor/symfony/console/Application.php(195): Symfony\\Component\\Console\\Application->doRun()
#38 /workspace/vendor/laravel/framework/src/Illuminate/Foundation/Console/Kernel.php(198): Symfony\\Component\\Console\\Application->run()
#39 /workspace/artisan(16): Illuminate\\Foundation\\Console\\Kernel->handle()
#40 {main}
"} 
[2026-10-01 18:12:05] local.ERROR: Method Illuminate\Database\MySqlConnection::serverVersion does not exist. {"exception":"[object] (BadMethodCallException(code: 0): Method Illuminate\\Database\\MySqlConnection::serverVersion does not exist. at /workspace/vendor/laravel/framework/src/Illuminate/Macroable/Traits/Macroable.php:117)
[stacktrace]
#0 /workspace/vendor/laravel/framework/src/Illuminate/Database/DatabaseManager.php(502): Illuminate\\Database\\Connection->__call()
#1 /workspace/vendor/laravel/framework/src/Illuminate/Support/Facades/Facade.php(364): Illuminate\\Database\\DatabaseManager->__call()
#2 /workspace/database/migrations/2026_09_20_001200_fix_offline_bundles_unique_constraint.php(25): Illuminate\\Support\\Facades\\Facade::__callStatic()
#3 /workspace/vendor/laravel/framework/src/Illuminate/Database/Migrations/Migrator.php(517): Illuminate\\Database\\Migrations\\Migration@anonymous->up()
#4 /workspace/vendor/laravel/framework/src/Illuminate/Database/Migrations/Migrator.php(442): Illuminate\\Database\\Migrations\\Migrator->runMethod()
#5 /workspace/vendor/laravel/framework/src/Illuminate/Database/Migrations/Migrator.php(451): Illuminate\\Database\\Migrations\\Migrator->{closure:Illuminate\\Database\\Migrations\\Migrator::runMigration():438}()
#6 /workspace/vendor/laravel/framework/src/Illuminate/Database/Migrations/Migrator.php(253): Illuminate\\Database\\Migrations\\Migrator->runMigration()
#7 /workspace/vendor/laravel/framework/src/Illuminate/Console/View/Components/Task.php(43): Illuminate\\Database\\Migrations\\Migrator->{closure:Illuminate\\Database\\Migrations\\Migrator::runUp():253}()
#8 /workspace/vendor/laravel/framework/src/Illuminate/Database/Migrations/Migrator.php(853): Illuminate\\Console\\View\\Components\\Task->render()
#9 /workspace/vendor/laravel/framework/src/Illuminate/Database/Migrations/Migrator.php(253): Illuminate\\Database\\Migrations\\Migrator->write()
#10 /workspace/vendor/laravel/framework/src/Illuminate/Database/Migrations/Migrator.php(211): Illuminate\\Database\\Migrations\\Migrator->runUp()
#11 /workspace/vendor/laravel/framework/src/Illuminate/Database/Migrations/Migrator.php(138): Illuminate\\Database\\Migrations\\Migrator->runPending()
#12 /workspace/vendor/laravel/framework/src/Illuminate/Database/Console/Migrations/MigrateCommand.php(118): Illuminate\\Database\\Migrations\\Migrator->run()
#13 /workspace/vendor/laravel/framework/src/Illuminate/Database/Migrations/Migrator.php(672): Illuminate\\Database\\Console\\Migrations\\MigrateCommand->{closure:Illuminate\\Database\\Console\\Migrations\\MigrateCommand::runMigrations():111}()
#14 /workspace/vendor/laravel/framework/src/Illuminate/Database/Console/Migrations/MigrateCommand.php(111): Illuminate\\Database\\Migrations\\Migrator->usingConnection()
#15 /workspace/vendor/laravel/framework/src/Illuminate/Database/Console/Migrations/MigrateCommand.php(90): Illuminate\\Database\\Console\\Migrations\\MigrateCommand->runMigrations()
#16 /workspace/vendor/laravel/framework/src/Illuminate/Container/BoundMethod.php(36): Illuminate\\Database\\Console\\Migrations\\MigrateCommand->handle()
#17 /workspace/vendor/laravel/framework/src/Illuminate/Container/Util.php(43): Illuminate\\Container\\BoundMethod::{closure:Illuminate\\Container\\BoundMethod::call():35}()
#18 /workspace/vendor/laravel/framework/src/Illuminate/Container/BoundMethod.php(96): Illuminate\\Container\\Util::unwrapIfClosure()
#19 /workspace/vendor/laravel/framework/src/Illuminate/Container/BoundMethod.php(35): Illuminate\\Container\\BoundMethod::callBoundMethod()
#20 /workspace/vendor/laravel/framework/src/Illuminate/Container/Container.php(803): Illuminate\\Container\\BoundMethod::call()
#21 /workspace/vendor/laravel/framework/src/Illuminate/Console/Command.php(292): Illuminate\\Container\\Container->call()
#22 /workspace/vendor/symfony/console/Command/Command.php(341): Illuminate\\Console\\Command->execute()
#23 /workspace/vendor/laravel/framework/src/Illuminate/Console/Command.php(261): Symfony\\Component\\Console\\Command\\Command->run()
#24 /workspace/vendor/symfony/console/Application.php(1117): Illuminate\\Console\\Command->run()
#25 /workspace/vendor/symfony/console/Application.php(356): Symfony\\Component\\Console\\Application->doRunCommand()
#26 /workspace/vendor/symfony/console/Application.php(195): Symfony\\Component\\Console\\Application->doRun()
#27 /workspace/vendor/laravel/framework/src/Illuminate/Foundation/Console/Kernel.php(198): Symfony\\Component\\Console\\Application->run()
#28 /workspace/artisan(16): Illuminate\\Foundation\\Console\\Kernel->handle()
#29 {main}
"} 
[2026-10-01 18:12:05] local.ERROR: Method Illuminate\Database\MySqlConnection::serverVersion does not exist. {"exception":"[object] (BadMethodCallException(code: 0): Method Illuminate\\Database\\MySqlConnection::serverVersion does not exist. at /workspace/vendor/laravel/framework/src/Illuminate/Macroable/Traits/Macroable.php:117)
[stacktrace]
#0 /workspace/vendor/laravel/framework/src/Illuminate/Database/DatabaseManager.php(502): Illuminate\\Database\\Connection->__call()
#1 /workspace/vendor/laravel/framework/src/Illuminate/Support/Facades/Facade.php(364): Illuminate\\Database\\DatabaseManager->__call()
#2 /workspace/database/migrations/2026_09_20_001200_fix_offline_bundles_unique_constraint.php(25): Illuminate\\Support\\Facades\\Facade::__callStatic()
#3 /workspace/vendor/laravel/framework/src/Illuminate/Database/Migrations/Migrator.php(517): Illuminate\\Database\\Migrations\\Migration@anonymous->up()
#4 /workspace/vendor/laravel/framework/src/Illuminate/Database/Migrations/Migrator.php(442): Illuminate\\Database\\Migrations\\Migrator->runMethod()
#5 /workspace/vendor/laravel/framework/src/Illuminate/Database/Migrations/Migrator.php(451): Illuminate\\Database\\Migrations\\Migrator->{closure:Illuminate\\Database\\Migrations\\Migrator::runMigration():438}()
#6 /workspace/vendor/laravel/framework/src/Illuminate/Database/Migrations/Migrator.php(253): Illuminate\\Database\\Migrations\\Migrator->runMigration()
#7 /workspace/vendor/laravel/framework/src/Illuminate/Console/View/Components/Task.php(43): Illuminate\\Database\\Migrations\\Migrator->{closure:Illuminate\\Database\\Migrations\\Migrator::runUp():253}()
#8 /workspace/vendor/laravel/framework/src/Illuminate/Database/Migrations/Migrator.php(853): Illuminate\\Console\\View\\Components\\Task->render()
#9 /workspace/vendor/laravel/framework/src/Illuminate/Database/Migrations/Migrator.php(253): Illuminate\\Database\\Migrations\\Migrator->write()
#10 /workspace/vendor/laravel/framework/src/Illuminate/Database/Migrations/Migrator.php(211): Illuminate\\Database\\Migrations\\Migrator->runUp()
#11 /workspace/vendor/laravel/framework/src/Illuminate/Database/Migrations/Migrator.php(138): Illuminate\\Database\\Migrations\\Migrator->runPending()
#12 /workspace/vendor/laravel/framework/src/Illuminate/Database/Console/Migrations/MigrateCommand.php(118): Illuminate\\Database\\Migrations\\Migrator->run()
#13 /workspace/vendor/laravel/framework/src/Illuminate/Database/Migrations/Migrator.php(672): Illuminate\\Database\\Console\\Migrations\\MigrateCommand->{closure:Illuminate\\Database\\Console\\Migrations\\MigrateCommand::runMigrations():111}()
#14 /workspace/vendor/laravel/framework/src/Illuminate/Database/Console/Migrations/MigrateCommand.php(111): Illuminate\\Database\\Migrations\\Migrator->usingConnection()
#15 /workspace/vendor/laravel/framework/src/Illuminate/Database/Console/Migrations/MigrateCommand.php(90): Illuminate\\Database\\Console\\Migrations\\MigrateCommand->runMigrations()
#16 /workspace/vendor/laravel/framework/src/Illuminate/Container/BoundMethod.php(36): Illuminate\\Database\\Console\\Migrations\\MigrateCommand->handle()
#17 /workspace/vendor/laravel/framework/src/Illuminate/Container/Util.php(43): Illuminate\\Container\\BoundMethod::{closure:Illuminate\\Container\\BoundMethod::call():35}()
#18 /workspace/vendor/laravel/framework/src/Illuminate/Container/BoundMethod.php(96): Illuminate\\Container\\Util::unwrapIfClosure()
#19 /workspace/vendor/laravel/framework/src/Illuminate/Container/BoundMethod.php(35): Illuminate\\Container\\BoundMethod::callBoundMethod()
#20 /workspace/vendor/laravel/framework/src/Illuminate/Container/Container.php(803): Illuminate\\Container\\BoundMethod::call()
#21 /workspace/vendor/laravel/framework/src/Illuminate/Console/Command.php(292): Illuminate\\Container\\Container->call()
#22 /workspace/vendor/symfony/console/Command/Command.php(341): Illuminate\\Console\\Command->execute()
#23 /workspace/vendor/laravel/framework/src/Illuminate/Console/Command.php(261): Symfony\\Component\\Console\\Command\\Command->run()
#24 /workspace/vendor/symfony/console/Application.php(1117): Illuminate\\Console\\Command->run()
#25 /workspace/vendor/symfony/console/Application.php(356): Symfony\\Component\\Console\\Application->doRunCommand()
#26 /workspace/vendor/symfony/console/Application.php(195): Symfony\\Component\\Console\\Application->doRun()
#27 /workspace/vendor/laravel/framework/src/Illuminate/Foundation/Console/Kernel.php(198): Symfony\\Component\\Console\\Application->run()
#28 /workspace/artisan(16): Illuminate\\Foundation\\Console\\Kernel->handle()
#29 {main}
"} 
[2026-10-01 18:12:09] local.ERROR: Method Illuminate\Database\MySqlConnection::serverVersion does not exist. {"exception":"[object] (BadMethodCallException(code: 0): Method Illuminate\\Database\\MySqlConnection::serverVersion does not exist. at /workspace/vendor/laravel/framework/src/Illuminate/Macroable/Traits/Macroable.php:117)
[stacktrace]
#0 /workspace/vendor/laravel/framework/src/Illuminate/Database/DatabaseManager.php(502): Illuminate\\Database\\Connection->__call()
#1 /workspace/vendor/laravel/framework/src/Illuminate/Support/Facades/Facade.php(364): Illuminate\\Database\\DatabaseManager->__call()
#2 /workspace/database/migrations/2026_09_20_001200_fix_offline_bundles_unique_constraint.php(25): Illuminate\\Support\\Facades\\Facade::__callStatic()
#3 /workspace/vendor/laravel/framework/src/Illuminate/Database/Migrations/Migrator.php(517): Illuminate\\Database\\Migrations\\Migration@anonymous->up()
#4 /workspace/vendor/laravel/framework/src/Illuminate/Database/Migrations/Migrator.php(442): Illuminate\\Database\\Migrations\\Migrator->runMethod()
#5 /workspace/vendor/laravel/framework/src/Illuminate/Database/Migrations/Migrator.php(451): Illuminate\\Database\\Migrations\\Migrator->{closure:Illuminate\\Database\\Migrations\\Migrator::runMigration():438}()
#6 /workspace/vendor/laravel/framework/src/Illuminate/Database/Migrations/Migrator.php(253): Illuminate\\Database\\Migrations\\Migrator->runMigration()
#7 /workspace/vendor/laravel/framework/src/Illuminate/Console/View/Components/Task.php(43): Illuminate\\Database\\Migrations\\Migrator->{closure:Illuminate\\Database\\Migrations\\Migrator::runUp():253}()
#8 /workspace/vendor/laravel/framework/src/Illuminate/Database/Migrations/Migrator.php(853): Illuminate\\Console\\View\\Components\\Task->render()
#9 /workspace/vendor/laravel/framework/src/Illuminate/Database/Migrations/Migrator.php(253): Illuminate\\Database\\Migrations\\Migrator->write()
#10 /workspace/vendor/laravel/framework/src/Illuminate/Database/Migrations/Migrator.php(211): Illuminate\\Database\\Migrations\\Migrator->runUp()
#11 /workspace/vendor/laravel/framework/src/Illuminate/Database/Migrations/Migrator.php(138): Illuminate\\Database\\Migrations\\Migrator->runPending()
#12 /workspace/vendor/laravel/framework/src/Illuminate/Database/Console/Migrations/MigrateCommand.php(118): Illuminate\\Database\\Migrations\\Migrator->run()
#13 /workspace/vendor/laravel/framework/src/Illuminate/Database/Migrations/Migrator.php(672): Illuminate\\Database\\Console\\Migrations\\MigrateCommand->{closure:Illuminate\\Database\\Console\\Migrations\\MigrateCommand::runMigrations():111}()
#14 /workspace/vendor/laravel/framework/src/Illuminate/Database/Console/Migrations/MigrateCommand.php(111): Illuminate\\Database\\Migrations\\Migrator->usingConnection()
#15 /workspace/vendor/laravel/framework/src/Illuminate/Database/Console/Migrations/MigrateCommand.php(90): Illuminate\\Database\\Console\\Migrations\\MigrateCommand->runMigrations()
#16 /workspace/vendor/laravel/framework/src/Illuminate/Container/BoundMethod.php(36): Illuminate\\Database\\Console\\Migrations\\MigrateCommand->handle()
#17 /workspace/vendor/laravel/framework/src/Illuminate/Container/Util.php(43): Illuminate\\Container\\BoundMethod::{closure:Illuminate\\Container\\BoundMethod::call():35}()
#18 /workspace/vendor/laravel/framework/src/Illuminate/Container/BoundMethod.php(96): Illuminate\\Container\\Util::unwrapIfClosure()
#19 /workspace/vendor/laravel/framework/src/Illuminate/Container/BoundMethod.php(35): Illuminate\\Container\\BoundMethod::callBoundMethod()
#20 /workspace/vendor/laravel/framework/src/Illuminate/Container/Container.php(803): Illuminate\\Container\\BoundMethod::call()
#21 /workspace/vendor/laravel/framework/src/Illuminate/Console/Command.php(292): Illuminate\\Container\\Container->call()
#22 /workspace/vendor/symfony/console/Command/Command.php(341): Illuminate\\Console\\Command->execute()
#23 /workspace/vendor/laravel/framework/src/Illuminate/Console/Command.php(261): Symfony\\Component\\Console\\Command\\Command->run()
#24 /workspace/vendor/symfony/console/Application.php(1117): Illuminate\\Console\\Command->run()
#25 /workspace/vendor/symfony/console/Application.php(356): Symfony\\Component\\Console\\Application->doRunCommand()
#26 /workspace/vendor/symfony/console/Application.php(195): Symfony\\Component\\Console\\Application->doRun()
#27 /workspace/vendor/laravel/framework/src/Illuminate/Foundation/Console/Kernel.php(198): Symfony\\Component\\Console\\Application->run()
#28 /workspace/artisan(16): Illuminate\\Foundation\\Console\\Kernel->handle()
#29 {main}
"} 
[2026-10-01 18:12:09] local.ERROR: Method Illuminate\Database\MySqlConnection::serverVersion does not exist. {"exception":"[object] (BadMethodCallException(code: 0): Method Illuminate\\Database\\MySqlConnection::serverVersion does not exist. at /workspace/vendor/laravel/framework/src/Illuminate/Macroable/Traits/Macroable.php:117)
[stacktrace]
#0 /workspace/vendor/laravel/framework/src/Illuminate/Database/DatabaseManager.php(502): Illuminate\\Database\\Connection->__call()
#1 /workspace/vendor/laravel/framework/src/Illuminate/Support/Facades/Facade.php(364): Illuminate\\Database\\DatabaseManager->__call()
#2 /workspace/database/migrations/2026_09_20_001200_fix_offline_bundles_unique_constraint.php(25): Illuminate\\Support\\Facades\\Facade::__callStatic()
#3 /workspace/vendor/laravel/framework/src/Illuminate/Database/Migrations/Migrator.php(517): Illuminate\\Database\\Migrations\\Migration@anonymous->up()
#4 /workspace/vendor/laravel/framework/src/Illuminate/Database/Migrations/Migrator.php(442): Illuminate\\Database\\Migrations\\Migrator->runMethod()
#5 /workspace/vendor/laravel/framework/src/Illuminate/Database/Migrations/Migrator.php(451): Illuminate\\Database\\Migrations\\Migrator->{closure:Illuminate\\Database\\Migrations\\Migrator::runMigration():438}()
#6 /workspace/vendor/laravel/framework/src/Illuminate/Database/Migrations/Migrator.php(253): Illuminate\\Database\\Migrations\\Migrator->runMigration()
#7 /workspace/vendor/laravel/framework/src/Illuminate/Console/View/Components/Task.php(43): Illuminate\\Database\\Migrations\\Migrator->{closure:Illuminate\\Database\\Migrations\\Migrator::runUp():253}()
#8 /workspace/vendor/laravel/framework/src/Illuminate/Database/Migrations/Migrator.php(853): Illuminate\\Console\\View\\Components\\Task->render()
#9 /workspace/vendor/laravel/framework/src/Illuminate/Database/Migrations/Migrator.php(253): Illuminate\\Database\\Migrations\\Migrator->write()
#10 /workspace/vendor/laravel/framework/src/Illuminate/Database/Migrations/Migrator.php(211): Illuminate\\Database\\Migrations\\Migrator->runUp()
#11 /workspace/vendor/laravel/framework/src/Illuminate/Database/Migrations/Migrator.php(138): Illuminate\\Database\\Migrations\\Migrator->runPending()
#12 /workspace/vendor/laravel/framework/src/Illuminate/Database/Console/Migrations/MigrateCommand.php(118): Illuminate\\Database\\Migrations\\Migrator->run()
#13 /workspace/vendor/laravel/framework/src/Illuminate/Database/Migrations/Migrator.php(672): Illuminate\\Database\\Console\\Migrations\\MigrateCommand->{closure:Illuminate\\Database\\Console\\Migrations\\MigrateCommand::runMigrations():111}()
#14 /workspace/vendor/laravel/framework/src/Illuminate/Database/Console/Migrations/MigrateCommand.php(111): Illuminate\\Database\\Migrations\\Migrator->usingConnection()
#15 /workspace/vendor/laravel/framework/src/Illuminate/Database/Console/Migrations/MigrateCommand.php(90): Illuminate\\Database\\Console\\Migrations\\MigrateCommand->runMigrations()
#16 /workspace/vendor/laravel/framework/src/Illuminate/Container/BoundMethod.php(36): Illuminate\\Database\\Console\\Migrations\\MigrateCommand->handle()
#17 /workspace/vendor/laravel/framework/src/Illuminate/Container/Util.php(43): Illuminate\\Container\\BoundMethod::{closure:Illuminate\\Container\\BoundMethod::call():35}()
#18 /workspace/vendor/laravel/framework/src/Illuminate/Container/BoundMethod.php(96): Illuminate\\Container\\Util::unwrapIfClosure()
#19 /workspace/vendor/laravel/framework/src/Illuminate/Container/BoundMethod.php(35): Illuminate\\Container\\BoundMethod::callBoundMethod()
#20 /workspace/vendor/laravel/framework/src/Illuminate/Container/Container.php(803): Illuminate\\Container\\BoundMethod::call()
#21 /workspace/vendor/laravel/framework/src/Illuminate/Console/Command.php(292): Illuminate\\Container\\Container->call()
#22 /workspace/vendor/symfony/console/Command/Command.php(341): Illuminate\\Console\\Command->execute()
#23 /workspace/vendor/laravel/framework/src/Illuminate/Console/Command.php(261): Symfony\\Component\\Console\\Command\\Command->run()
#24 /workspace/vendor/symfony/console/Application.php(1117): Illuminate\\Console\\Command->run()
#25 /workspace/vendor/symfony/console/Application.php(356): Symfony\\Component\\Console\\Application->doRunCommand()
#26 /workspace/vendor/symfony/console/Application.php(195): Symfony\\Component\\Console\\Application->doRun()
#27 /workspace/vendor/laravel/framework/src/Illuminate/Foundation/Console/Kernel.php(198): Symfony\\Component\\Console\\Application->run()
#28 /workspace/artisan(16): Illuminate\\Foundation\\Console\\Kernel->handle()
#29 {main}
"} 
[2026-10-01 18:12:18] local.ERROR: Method Illuminate\Database\MySqlConnection::serverVersion does not exist. {"exception":"[object] (BadMethodCallException(code: 0): Method Illuminate\\Database\\MySqlConnection::serverVersion does not exist. at /workspace/vendor/laravel/framework/src/Illuminate/Macroable/Traits/Macroable.php:117)
[stacktrace]
#0 /workspace/vendor/laravel/framework/src/Illuminate/Database/DatabaseManager.php(502): Illuminate\\Database\\Connection->__call()
#1 /workspace/vendor/laravel/framework/src/Illuminate/Support/Facades/Facade.php(364): Illuminate\\Database\\DatabaseManager->__call()
#2 /workspace/database/migrations/2026_09_20_001200_fix_offline_bundles_unique_constraint.php(25): Illuminate\\Support\\Facades\\Facade::__callStatic()
#3 /workspace/vendor/laravel/framework/src/Illuminate/Database/Migrations/Migrator.php(517): Illuminate\\Database\\Migrations\\Migration@anonymous->up()
#4 /workspace/vendor/laravel/framework/src/Illuminate/Database/Migrations/Migrator.php(442): Illuminate\\Database\\Migrations\\Migrator->runMethod()
#5 /workspace/vendor/laravel/framework/src/Illuminate/Database/Migrations/Migrator.php(451): Illuminate\\Database\\Migrations\\Migrator->{closure:Illuminate\\Database\\Migrations\\Migrator::runMigration():438}()
#6 /workspace/vendor/laravel/framework/src/Illuminate/Database/Migrations/Migrator.php(253): Illuminate\\Database\\Migrations\\Migrator->runMigration()
#7 /workspace/vendor/laravel/framework/src/Illuminate/Console/View/Components/Task.php(43): Illuminate\\Database\\Migrations\\Migrator->{closure:Illuminate\\Database\\Migrations\\Migrator::runUp():253}()
#8 /workspace/vendor/laravel/framework/src/Illuminate/Database/Migrations/Migrator.php(853): Illuminate\\Console\\View\\Components\\Task->render()
#9 /workspace/vendor/laravel/framework/src/Illuminate/Database/Migrations/Migrator.php(253): Illuminate\\Database\\Migrations\\Migrator->write()
#10 /workspace/vendor/laravel/framework/src/Illuminate/Database/Migrations/Migrator.php(211): Illuminate\\Database\\Migrations\\Migrator->runUp()
#11 /workspace/vendor/laravel/framework/src/Illuminate/Database/Migrations/Migrator.php(138): Illuminate\\Database\\Migrations\\Migrator->runPending()
#12 /workspace/vendor/laravel/framework/src/Illuminate/Database/Console/Migrations/MigrateCommand.php(118): Illuminate\\Database\\Migrations\\Migrator->run()
#13 /workspace/vendor/laravel/framework/src/Illuminate/Database/Migrations/Migrator.php(672): Illuminate\\Database\\Console\\Migrations\\MigrateCommand->{closure:Illuminate\\Database\\Console\\Migrations\\MigrateCommand::runMigrations():111}()
#14 /workspace/vendor/laravel/framework/src/Illuminate/Database/Console/Migrations/MigrateCommand.php(111): Illuminate\\Database\\Migrations\\Migrator->usingConnection()
#15 /workspace/vendor/laravel/framework/src/Illuminate/Database/Console/Migrations/MigrateCommand.php(90): Illuminate\\Database\\Console\\Migrations\\MigrateCommand->runMigrations()
#16 /workspace/vendor/laravel/framework/src/Illuminate/Container/BoundMethod.php(36): Illuminate\\Database\\Console\\Migrations\\MigrateCommand->handle()
#17 /workspace/vendor/laravel/framework/src/Illuminate/Container/Util.php(43): Illuminate\\Container\\BoundMethod::{closure:Illuminate\\Container\\BoundMethod::call():35}()
#18 /workspace/vendor/laravel/framework/src/Illuminate/Container/BoundMethod.php(96): Illuminate\\Container\\Util::unwrapIfClosure()
#19 /workspace/vendor/laravel/framework/src/Illuminate/Container/BoundMethod.php(35): Illuminate\\Container\\BoundMethod::callBoundMethod()
#20 /workspace/vendor/laravel/framework/src/Illuminate/Container/Container.php(803): Illuminate\\Container\\BoundMethod::call()
#21 /workspace/vendor/laravel/framework/src/Illuminate/Console/Command.php(292): Illuminate\\Container\\Container->call()
#22 /workspace/vendor/symfony/console/Command/Command.php(341): Illuminate\\Console\\Command->execute()
#23 /workspace/vendor/laravel/framework/src/Illuminate/Console/Command.php(261): Symfony\\Component\\Console\\Command\\Command->run()
#24 /workspace/vendor/symfony/console/Application.php(1117): Illuminate\\Console\\Command->run()
#25 /workspace/vendor/symfony/console/Application.php(356): Symfony\\Component\\Console\\Application->doRunCommand()
#26 /workspace/vendor/symfony/console/Application.php(195): Symfony\\Component\\Console\\Application->doRun()
#27 /workspace/vendor/laravel/framework/src/Illuminate/Foundation/Console/Kernel.php(198): Symfony\\Component\\Console\\Application->run()
#28 /workspace/artisan(16): Illuminate\\Foundation\\Console\\Kernel->handle()
#29 {main}
"} 
